{"type":"Feature","properties":{},"geometry":{"type":"MultiPolygon","coordinates":[[[[78.918,33.386],[78.781,33.553],[78.721,33.994],[78.73,34.079],[78.976,34.217],[78.976,34.309],[78.665,34.526],[78.296,34.625],[78.001,35.269],[78.044,35.492],[77.883,35.431],[77.8,35.495],[77.384,35.472],[76.915,35.583],[76.571,35.751],[76.537,35.903],[76.166,35.806],[76.09,35.978],[75.9,36.063],[76.014,36.23],[75.977,36.463],[75.85,36.645],[75.65,36.754],[75.432,36.723],[75.313,36.929],[75.1,36.994],[74.872,36.907],[74.793,37.015],[74.542,37.022],[74.383,37.127],[74.721,37.298],[74.794,37.214],[74.892,37.231],[75.164,37.401],[74.892,37.599],[74.965,37.767],[74.791,38.081],[74.836,38.455],[74.334,38.667],[74.123,38.669],[74.029,38.527],[73.816,38.587],[73.681,38.873],[73.826,38.977],[73.608,39.207],[73.633,39.448],[73.838,39.476],[73.922,39.582],[73.819,39.786],[73.977,40.044],[74.334,40.094],[74.706,40.331],[74.862,40.326],[74.787,40.421],[74.835,40.512],[75.194,40.441],[75.56,40.633],[75.682,40.292],[76.244,40.441],[76.314,40.343],[76.609,40.597],[76.648,40.765],[76.861,41.013],[78.075,41.04],[78.349,41.27],[78.36,41.378],[78.658,41.532],[79.748,41.88],[79.843,42.002],[80.231,42.034],[80.268,42.238],[80.144,42.645],[80.248,42.816],[80.549,42.878],[80.368,43.028],[80.793,43.149],[80.643,43.326],[80.713,43.459],[80.339,44.121],[80.356,44.653],[80.492,44.728],[80.245,44.816],[79.992,44.794],[79.858,44.904],[80.103,45.032],[80.854,45.126],[81.665,45.348],[81.95,45.144],[82.245,45.232],[82.54,45.124],[82.632,45.416],[82.291,45.533],[82.986,46.943],[83.021,47.206],[83.905,46.974],[84.664,46.984],[84.752,46.918],[84.74,46.815],[85.226,47.042],[85.499,47.052],[85.679,47.275],[85.515,47.92],[85.719,48.359],[86.565,48.527],[86.752,48.715],[86.789,48.839],[86.709,48.954],[86.859,49.105],[87.4,49.071],[87.816,49.166],[87.873,48.968],[87.738,48.869],[88.059,48.708],[87.943,48.599],[87.983,48.552],[88.503,48.393],[88.596,48.198],[89.046,47.993],[89.542,48.031],[89.751,47.824],[90.045,47.88],[90.083,47.756],[90.345,47.659],[90.469,47.309],[90.712,47.015],[90.885,46.945],[91.047,46.566],[90.896,46.302],[91.002,46.022],[90.711,45.752],[90.651,45.493],[90.873,45.186],[91.057,45.218],[91.534,45.071],[92.219,45.01],[92.848,45.039],[93.525,44.951],[93.927,44.673],[94.182,44.661],[94.698,44.343],[95.037,44.255],[95.398,44.281],[95.319,44.017],[95.535,43.958],[95.874,43.247],[96.319,42.91],[96.358,42.724],[97.193,42.787],[99.474,42.564],[100.017,42.677],[101.525,42.537],[101.735,42.461],[102.034,42.185],[103.073,42.005],[103.691,41.759],[104.501,41.871],[104.505,41.657],[104.974,41.586],[105.201,41.743],[106.768,42.287],[108.177,42.454],[108.797,42.398],[109.485,42.449],[110.407,42.769],[110.973,43.316],[111.933,43.697],[111.839,43.939],[111.544,44.157],[111.397,44.387],[111.739,44.966],[111.958,45.085],[112.413,45.066],[112.748,44.865],[113.605,44.74],[114.089,44.962],[114.419,45.201],[114.534,45.386],[115.667,45.454],[116.17,45.709],[116.252,45.803],[116.213,45.908],[116.568,46.291],[116.815,46.387],[117.337,46.357],[117.394,46.571],[117.568,46.604],[117.798,46.52],[118.269,46.723],[118.72,46.677],[118.847,46.765],[119.317,46.612],[119.68,46.592],[119.854,46.66],[119.896,46.899],[119.7,47.16],[119.282,47.415],[119.31,47.476],[119.134,47.528],[119.083,47.662],[118.767,47.756],[118.542,47.966],[117.767,47.993],[117.361,47.651],[116.822,47.876],[116.244,47.863],[115.915,47.684],[115.576,47.91],[115.514,48.132],[115.8,48.242],[115.8,48.53],[116.028,48.767],[116.684,49.823],[117.837,49.509],[118.644,49.955],[119.092,49.987],[119.316,50.093],[119.357,50.341],[119.138,50.393],[119.497,50.737],[119.518,50.905],[119.741,51.072],[119.762,51.215],[119.916,51.331],[120.1,51.66],[120.648,51.911],[120.779,52.118],[120.626,52.347],[120.724,52.542],[120.454,52.639],[120.079,52.59],[120.033,52.761],[120.874,53.28],[121.203,53.277],[122.317,53.496],[122.86,53.474],[123.614,53.563],[124.87,53.108],[124.898,53.186],[125.074,53.212],[125.621,53.062],[125.734,52.982],[125.646,52.885],[125.837,52.907],[125.977,52.765],[126.088,52.775],[125.991,52.586],[126.212,52.533],[126.2,52.467],[126.351,52.377],[126.316,52.316],[126.439,52.275],[126.317,52.2],[126.556,52.131],[126.439,51.998],[126.726,51.709],[126.677,51.577],[126.909,51.391],[126.809,51.289],[126.972,51.324],[126.932,51.064],[127.287,50.751],[127.367,50.578],[127.289,50.466],[127.359,50.415],[127.331,50.328],[127.591,50.209],[127.487,50.026],[127.539,49.79],[127.855,49.585],[128.198,49.539],[128.672,49.611],[128.802,49.565],[128.76,49.471],[129.115,49.349],[129.341,49.341],[129.379,49.425],[129.481,49.421],[129.552,49.29],[129.711,49.274],[129.926,49.026],[130.202,48.883],[130.674,48.871],[130.53,48.616],[130.626,48.482],[130.759,48.486],[130.825,48.318],[130.675,48.064],[130.907,47.884],[130.942,47.718],[131.023,47.682],[131.418,47.743],[131.603,47.662],[132.525,47.708],[132.675,47.951],[132.806,47.936],[133.092,48.107],[133.524,48.095],[133.738,48.251],[134.386,48.381],[134.719,48.263],[134.559,48.01],[134.773,47.711],[134.557,47.471],[134.184,47.328],[134.227,47.118],[134.069,46.981],[134.015,46.665],[133.846,46.471],[133.934,46.391],[133.863,46.339],[133.902,46.259],[133.687,46.142],[133.658,45.935],[133.477,45.82],[133.477,45.628],[133.18,45.494],[133.099,45.108],[132.921,45.028],[131.969,45.234],[131.853,45.338],[131.434,44.961],[130.933,44.842],[131.066,44.682],[131.264,44.054],[131.161,43.533],[131.281,43.38],[131.078,43.032],[131.103,42.91],[130.407,42.735],[130.572,42.622],[130.531,42.53],[130.501,42.611],[130.453,42.549],[130.263,42.709],[130.239,42.902],[129.88,42.996],[129.703,42.442],[129.535,42.37],[129.34,42.445],[129.194,42.318],[129.211,42.22],[128.94,42.035],[128.035,41.994],[128.048,41.864],[128.303,41.583],[128.146,41.376],[128.001,41.471],[127.638,41.43],[127.135,41.522],[127.18,41.585],[126.93,41.801],[126.789,41.696],[126.679,41.736],[126.728,41.701],[126.567,41.614],[126.522,41.352],[126.124,41.076],[126.008,40.899],[125.761,40.886],[125.413,40.632],[125.025,40.534],[125.041,40.461],[124.896,40.484],[124.137,39.842],[123.773,39.818],[123.657,39.92],[123.591,39.784],[123.428,39.727],[123.417,39.825],[123.252,39.817],[123.223,39.68],[123.009,39.68],[122.29,39.351],[122.042,39.06],[121.827,39.036],[121.871,38.951],[121.725,39.03],[121.587,38.94],[121.696,38.863],[121.237,38.798],[121.18,38.721],[121.115,38.768],[121.118,38.943],[121.674,39.088],[121.59,39.264],[121.943,39.399],[121.526,39.365],[121.436,39.509],[121.223,39.529],[121.533,39.622],[121.471,39.81],[121.874,39.991],[121.827,40.023],[122.302,40.502],[122.15,40.604],[122.159,40.702],[121.851,40.832],[121.868,40.996],[121.74,40.849],[121.361,40.94],[120.982,40.827],[120.94,40.741],[121.021,40.719],[120.825,40.674],[120.546,40.402],[120.591,40.367],[120.472,40.214],[119.536,39.891],[119.531,39.815],[119.209,39.57],[119.281,39.575],[119.279,39.384],[118.926,39.131],[118.97,39.193],[118.874,39.214],[118.326,39.031],[118.028,39.22],[117.715,39.111],[117.775,38.981],[117.702,38.995],[117.544,38.621],[117.716,38.379],[118.065,38.143],[118.95,38.097],[119.26,37.716],[119.069,37.741],[118.97,37.593],[118.961,37.296],[119.146,37.179],[119.771,37.152],[119.897,37.249],[119.859,37.36],[120.323,37.632],[120.216,37.684],[120.738,37.834],[121.138,37.701],[121.172,37.577],[121.394,37.622],[121.57,37.429],[121.676,37.439],[121.587,37.454],[121.635,37.481],[121.988,37.426],[122.122,37.563],[122.183,37.418],[122.688,37.41],[122.55,37.32],[122.629,37.193],[122.454,37.154],[122.402,37.021],[122.54,37.028],[122.507,36.898],[122.406,36.922],[122.436,36.871],[122.32,36.823],[122.185,36.85],[122.266,36.898],[122.166,37.014],[122.033,36.898],[122.049,36.98],[121.926,36.994],[121.95,36.939],[121.637,36.831],[121.625,36.74],[121.496,36.774],[121.607,36.845],[121.459,36.829],[121.402,36.712],[121.024,36.584],[120.751,36.617],[120.75,36.541],[120.85,36.605],[120.964,36.548],[120.95,36.459],[120.867,36.377],[120.807,36.464],[120.714,36.429],[120.722,36.331],[120.644,36.322],[120.705,36.156],[120.628,36.117],[120.354,36.041],[120.292,36.062],[120.362,36.192],[120.306,36.274],[120.285,36.176],[120.097,36.226],[120.175,35.994],[120.299,35.973],[120.097,35.901],[120.003,35.728],[119.908,35.745],[119.905,35.625],[119.648,35.584],[119.552,35.38],[119.424,35.313],[119.358,35.097],[119.193,35],[119.192,34.718],[119.442,34.746],[119.648,34.534],[120.257,34.312],[120.484,33.65],[120.896,33.014],[120.83,32.698],[121.389,32.385],[121.419,32.25],[121.361,32.232],[121.443,32.114],[121.799,31.97],[121.922,31.754],[121.817,31.691],[121.286,31.891],[121.115,31.796],[120.978,31.814],[120.811,32.023],[120.634,32.077],[120.131,31.943],[119.992,32.016],[119.842,32.299],[119.613,32.355],[119.685,32.292],[119.606,32.197],[119.789,32.199],[119.772,32.127],[120.006,31.95],[120.23,31.909],[120.469,32.025],[120.75,31.978],[120.825,31.829],[120.731,31.814],[121.144,31.685],[121.725,31.282],[121.951,30.982],[121.96,30.874],[121.543,30.816],[120.998,30.558],[120.832,30.305],[120.479,30.404],[120.379,30.274],[120.258,30.298],[120.147,30.199],[120.274,30.278],[120.385,30.25],[120.45,30.369],[120.622,30.373],[120.734,30.232],[120.632,30.122],[120.792,30.066],[120.646,30.127],[120.751,30.226],[120.893,30.17],[121.254,30.348],[121.43,30.293],[121.722,29.961],[122.129,29.904],[121.687,29.563],[121.443,29.524],[121.485,29.391],[121.711,29.539],[121.812,29.49],[121.845,29.536],[121.745,29.545],[121.796,29.601],[121.971,29.593],[121.91,29.525],[121.971,29.449],[121.9,29.299],[121.991,29.257],[121.943,29.196],[121.785,29.168],[121.841,29.319],[121.787,29.374],[121.724,29.182],[121.652,29.183],[121.64,29.307],[121.629,29.188],[121.574,29.305],[121.409,29.161],[121.456,29.134],[121.402,29.107],[121.621,29.113],[121.532,29.02],[121.69,29.017],[121.684,28.915],[121.492,28.928],[121.67,28.825],[121.621,28.736],[121.351,28.712],[121.142,28.846],[121.299,28.723],[121.258,28.675],[121.51,28.657],[121.582,28.505],[121.512,28.489],[121.608,28.477],[121.656,28.339],[121.586,28.257],[121.541,28.322],[121.409,28.305],[121.346,28.145],[121.225,28.239],[121.265,28.366],[121.169,28.385],[121.13,28.306],[121.025,28.305],[121.125,28.236],[120.965,27.987],[120.606,28.042],[120.56,28.113],[120.589,28.027],[120.835,27.956],[120.868,27.883],[120.723,27.716],[120.635,27.763],[120.676,27.66],[120.597,27.57],[120.682,27.482],[120.635,27.38],[120.505,27.345],[120.518,27.202],[120.303,27.242],[120.312,27.318],[120.196,27.298],[120.182,27.217],[120.347,27.243],[120.422,27.147],[120.244,27.133],[120.255,26.997],[120.149,26.982],[120.219,26.915],[120.032,26.9],[120.128,26.797],[120.134,26.646],[119.847,26.524],[120.08,26.797],[119.925,26.792],[119.88,26.655],[119.792,26.688],[119.846,26.852],[119.756,26.738],[119.686,26.812],[119.725,26.698],[119.606,26.797],[119.552,26.749],[119.6,26.57],[119.785,26.578],[119.792,26.413],[119.654,26.498],[119.566,26.455],[119.648,26.437],[119.682,26.317],[119.826,26.427],[119.95,26.365],[119.654,26.272],[119.459,25.982],[119.094,26.146],[119.33,25.944],[119.519,26.045],[119.695,26.003],[119.566,25.872],[119.59,25.687],[119.449,25.687],[119.492,25.565],[119.579,25.585],[119.655,25.358],[119.579,25.344],[119.576,25.467],[119.483,25.371],[119.507,25.474],[119.447,25.439],[119.305,25.605],[119.103,25.42],[119.203,25.358],[119.201,25.26],[119.278,25.33],[119.344,25.242],[119.256,25.176],[119.116,25.214],[119.099,25.111],[119.029,25.141],[119.069,25.217],[118.969,25.226],[119.027,25.278],[118.876,25.244],[118.975,25.183],[118.849,25.074],[118.954,25.003],[119.004,25.05],[119.018,24.96],[118.912,24.953],[118.952,24.871],[118.716,24.844],[118.668,24.953],[118.671,24.875],[118.572,24.885],[118.638,24.772],[118.763,24.763],[118.642,24.679],[118.62,24.545],[118.554,24.518],[118.431,24.7],[118.405,24.607],[118.219,24.541],[118.16,24.693],[118.11,24.584],[117.975,24.553],[118.058,24.516],[118.022,24.446],[117.791,24.467],[117.907,24.385],[118.043,24.407],[118.016,24.327],[118.091,24.341],[118.126,24.262],[117.907,24.186],[117.894,24.028],[117.748,23.908],[117.798,24.022],[117.667,24.063],[117.695,23.954],[117.592,23.737],[117.571,23.903],[117.417,23.947],[117.49,23.833],[117.277,23.782],[117.257,23.616],[117.23,23.693],[117.084,23.551],[117.068,23.651],[116.917,23.663],[116.773,23.349],[116.523,23.419],[116.573,23.324],[116.749,23.326],[116.805,23.236],[116.667,23.281],[116.715,23.244],[116.647,23.163],[116.612,23.239],[116.509,23.234],[116.605,23.21],[116.495,22.939],[116.214,22.983],[116.281,22.958],[116.145,22.848],[116.042,22.933],[116.076,22.868],[115.81,22.746],[115.684,22.878],[115.73,22.934],[115.561,22.849],[115.406,22.925],[115.468,22.849],[115.612,22.864],[115.527,22.767],[115.575,22.668],[115.374,22.694],[115.411,22.788],[115.233,22.788],[115.304,22.903],[114.985,22.689],[114.863,22.763],[114.967,22.676],[114.896,22.548],[114.744,22.609],[114.775,22.816],[114.522,22.706],[114.507,22.647],[114.59,22.644],[114.495,22.562],[114.618,22.514],[114.516,22.453],[114.396,22.614],[113.964,22.538],[113.89,22.453],[113.758,22.753],[113.672,22.747],[113.606,22.847],[113.638,23.035],[113.597,22.918],[113.617,23.035],[113.576,22.939],[113.583,23.021],[113.529,23.011],[113.582,23.098],[113.83,23.117],[113.417,23.097],[113.502,23.02],[113.484,22.924],[113.213,22.905],[113.494,22.775],[113.378,22.767],[113.599,22.575],[113.588,22.238],[113.484,22.155],[113.165,22.576],[113.402,22.18],[113.303,22.183],[113.157,22.025],[113.085,22.208],[113.026,21.949],[112.912,21.856],[112.826,21.966],[112.551,21.773],[112.426,21.845],[112.494,21.966],[112.391,21.956],[112.397,22.069],[112.402,21.801],[112.286,21.709],[112.182,21.753],[112.193,21.843],[112.028,21.797],[112.041,21.884],[111.969,21.824],[111.89,21.925],[111.904,21.815],[112,21.774],[111.868,21.677],[111.835,21.767],[111.678,21.781],[111.788,21.616],[111.63,21.53],[111.582,21.582],[111.476,21.514],[111.432,21.603],[111.438,21.534],[111.267,21.439],[111.301,21.499],[111.088,21.473],[111.028,21.541],[110.98,21.445],[111.069,21.473],[110.993,21.425],[110.768,21.398],[110.651,21.26],[110.636,21.37],[110.76,21.445],[110.636,21.381],[110.636,21.23],[110.431,21.191],[110.486,21.336],[110.434,21.309],[110.358,21.436],[110.399,21.177],[110.196,21.071],[110.157,20.849],[110.369,20.849],[110.409,20.751],[110.356,20.732],[110.342,20.822],[110.301,20.657],[110.534,20.478],[110.28,20.253],[110.038,20.302],[109.917,20.239],[109.863,20.406],[109.982,20.352],[110.01,20.434],[109.822,20.517],[109.848,20.596],[109.752,20.674],[109.86,20.715],[109.787,20.691],[109.76,20.855],[109.718,20.808],[109.661,20.928],[109.766,21.356],[109.924,21.363],[109.944,21.493],[109.814,21.458],[109.773,21.582],[109.773,21.486],[109.65,21.52],[109.677,21.623],[109.608,21.575],[109.594,21.746],[109.465,21.664],[109.573,21.582],[109.531,21.492],[109.245,21.432],[109.239,21.486],[109.139,21.402],[109.04,21.45],[109.143,21.51],[109.136,21.603],[108.928,21.615],[108.855,21.685],[108.924,21.767],[108.801,21.818],[108.844,21.745],[108.78,21.726],[108.861,21.644],[108.745,21.603],[108.725,21.746],[108.649,21.733],[108.677,21.815],[108.594,21.74],[108.636,21.89],[108.573,21.952],[108.491,21.856],[108.458,21.918],[108.478,21.699],[108.565,21.679],[108.471,21.562],[108.39,21.575],[108.471,21.671],[108.341,21.726],[108.284,21.545],[108.211,21.501],[108.206,21.643],[107.991,21.548],[108.081,21.486],[107.971,21.432],[107.812,21.648],[107.348,21.599],[107.273,21.718],[107.003,21.811],[107.009,21.927],[106.653,21.969],[106.663,22.223],[106.527,22.438],[106.577,22.595],[106.68,22.579],[106.79,22.797],[106.488,22.925],[106.255,22.855],[106.132,22.975],[105.854,22.905],[105.552,23.06],[105.312,23.366],[105.201,23.254],[104.87,23.164],[104.798,23.086],[104.824,22.924],[104.701,22.818],[104.554,22.836],[104.34,22.686],[104.237,22.742],[104.241,22.824],[104.087,22.792],[103.96,22.507],[103.647,22.799],[103.504,22.581],[103.31,22.788],[103.029,22.43],[102.468,22.769],[102.218,22.411],[101.995,22.447],[101.868,22.379],[101.689,22.479],[101.516,22.245],[101.804,21.626],[101.736,21.571],[101.715,21.321],[101.824,21.234],[101.756,21.143],[101.518,21.243],[101.244,21.193],[101.083,21.767],[100.622,21.469],[100.342,21.53],[100.162,21.436],[100.086,21.551],[100.143,21.655],[99.95,21.721],[99.942,22.046],[99.144,22.154],[99.358,22.495],[99.308,22.745],[99.413,22.931],[99.538,22.926],[99.493,23.057],[99.334,23.13],[99.217,23.057],[98.859,23.179],[98.89,23.407],[98.781,23.533],[98.856,23.61],[98.793,23.758],[98.664,23.797],[98.659,23.961],[98.866,24.146],[98.585,24.076],[98.105,24.102],[97.625,23.847],[97.516,23.943],[97.72,24.147],[97.647,24.432],[97.513,24.439],[97.533,24.723],[97.765,24.835],[97.7,25.065],[97.801,25.238],[97.91,25.208],[98.045,25.312],[98.14,25.611],[98.312,25.557],[98.498,25.831],[98.69,25.866],[98.546,26.106],[98.706,26.175],[98.642,26.255],[98.756,26.625],[98.679,27.577],[98.41,27.684],[98.383,27.556],[98.295,27.537],[98.107,27.973],[98.119,28.141],[97.898,28.355],[97.765,28.352],[97.67,28.511],[97.528,28.53],[97.448,28.298],[97.323,28.217],[97.078,28.375],[96.966,28.33],[96.717,28.437],[96.302,28.421],[96.593,28.758],[96.458,28.995],[96.367,29.037],[96.195,28.941],[96.175,29.109],[96.366,29.257],[96.235,29.241],[96.142,29.368],[95.745,29.34],[95.717,29.218],[95.564,29.246],[95.488,29.069],[95.367,29.036],[94.777,29.167],[94.6,29.317],[94.288,29.148],[94.347,29.024],[93.992,28.845],[93.928,28.683],[93.446,28.672],[93.317,28.603],[93.186,28.432],[93.208,28.341],[92.679,28.133],[92.639,28.057],[92.736,27.986],[92.684,27.91],[92.304,27.786],[92.24,27.865],[91.952,27.725],[91.29,28.091],[91.052,27.963],[90.667,28.09],[90.475,28.072],[90.588,28.233],[90.291,28.261],[90.226,28.358],[89.916,28.316],[89.561,28.135],[88.978,27.53],[88.972,27.312],[88.76,27.435],[88.854,27.844],[88.818,27.995],[88.61,28.106],[88.116,27.947],[88.118,27.861],[87.837,27.908],[87.727,27.808],[87.369,27.804],[87.364,27.855],[87.156,27.826],[86.68,28.106],[86.554,28.104],[86.425,27.91],[86.203,28.003],[86.156,28.157],[86.069,28.077],[86.113,27.927],[85.98,27.885],[85.693,28.335],[85.612,28.251],[85.087,28.304],[85.161,28.595],[85.055,28.639],[84.812,28.542],[84.451,28.734],[84.207,28.941],[84.231,29.026],[84.09,29.257],[83.914,29.289],[83.639,29.155],[83.524,29.184],[83.174,29.621],[83.065,29.579],[82.976,29.664],[82.837,29.66],[82.542,29.923],[82.154,30.058],[82.089,30.33],[81.614,30.417],[81.509,30.328],[81.388,30.374],[81.35,30.157],[81.217,30.008],[81.098,30.017],[80.976,30.255],[80.596,30.46],[80.18,30.559],[80.231,30.725],[80.157,30.793],[80.063,30.785],[79.834,30.962],[79.578,30.938],[79.402,31.024],[79.131,31.438],[79.07,31.461],[78.921,31.27],[78.745,31.308],[78.7,31.51],[78.819,31.607],[78.671,31.771],[78.745,31.964],[78.458,32.23],[78.385,32.548],[78.737,32.63],[78.771,32.462],[78.943,32.346],[79.075,32.371],[79.113,32.472],[79.32,32.592],[79.443,32.535],[79.621,32.729],[79.334,32.994],[79.456,33.25],[79.098,33.288],[78.918,33.386]]],[[[111.011,19.684],[110.876,19.54],[110.794,19.601],[110.796,19.485],[110.58,19.155],[110.479,19.169],[110.555,19.087],[110.582,19.15],[110.431,18.821],[110.493,18.793],[110.503,18.882],[110.534,18.786],[110.034,18.512],[110.04,18.382],[109.969,18.39],[110.021,18.451],[109.746,18.396],[109.732,18.273],[109.67,18.273],[109.739,18.259],[109.709,18.207],[109.561,18.169],[109.561,18.259],[109.479,18.193],[109.44,18.289],[109.163,18.288],[109.136,18.361],[108.685,18.515],[108.627,19.275],[109.008,19.597],[109.307,19.711],[109.273,19.794],[109.163,19.725],[109.255,19.898],[109.582,19.856],[109.527,19.951],[109.719,20.011],[109.835,19.931],[109.943,19.991],[109.99,19.906],[110.157,20.067],[110.345,20.058],[110.418,19.923],[110.383,20.081],[110.606,19.923],[110.566,20.07],[110.678,20.164],[110.788,20.01],[110.935,19.995],[111.011,19.684]]],[[[111.963,21.658],[112,21.621],[111.809,21.565],[111.835,21.644],[111.963,21.658]]],[[[112.645,21.713],[112.65,21.64],[112.525,21.599],[112.645,21.713]]],[[[112.844,21.774],[112.765,21.582],[112.774,21.692],[112.712,21.703],[112.844,21.774]]],[[[113.391,22.028],[113.309,22.024],[113.383,22.09],[113.391,22.028]]],[[[117.072,23.473],[117.129,23.399],[116.943,23.43],[117.072,23.473]]],[[[117.469,23.753],[117.527,23.74],[117.432,23.583],[117.32,23.574],[117.373,23.767],[117.469,23.753]]],[[[119.305,26.036],[119.405,25.978],[119.258,26.001],[119.209,26.099],[119.305,26.036]]],[[[121.256,28.14],[121.279,28.085],[121.152,28.041],[121.12,28.136],[121.231,28.22],[121.256,28.14]]],[[[122.239,30.313],[122.202,30.242],[122.074,30.291],[122.239,30.313]]],[[[119.881,32.125],[119.902,32.073],[119.792,32.122],[119.819,32.204],[119.716,32.273],[119.814,32.276],[119.881,32.125]]],[[[121.423,39.475],[121.422,39.374],[121.337,39.377],[121.364,39.445],[121.259,39.392],[121.423,39.475]]],[[[110.548,21.037],[110.517,20.938],[110.441,21.006],[110.246,20.986],[110.39,21.096],[110.548,21.037]]],[[[110.617,21.191],[110.543,21.105],[110.418,21.178],[110.617,21.191]]],[[[118.093,24.556],[118.181,24.535],[118.136,24.429],[118.07,24.46],[118.093,24.556]]],[[[119.847,25.536],[119.757,25.405],[119.668,25.488],[119.778,25.522],[119.693,25.594],[119.764,25.659],[119.847,25.536]]],[[[121.958,29.12],[121.889,29.072],[121.868,29.147],[121.958,29.12]]],[[[122.143,29.733],[122.163,29.655],[122.033,29.731],[122.107,29.79],[122.143,29.733]]],[[[122.395,29.884],[122.395,29.833],[122.325,29.954],[122.407,29.953],[122.395,29.884]]],[[[122.327,30.024],[122.294,29.934],[122.019,29.997],[121.963,30.142],[122.327,30.024]]],[[[121.844,31.608],[121.978,31.478],[121.851,31.439],[121.572,31.529],[121.176,31.784],[121.323,31.829],[121.844,31.608]]],[[[110.471,20.647],[110.457,20.587],[110.418,20.655],[110.471,20.647]]],[[[113.547,22.742],[113.642,22.602],[113.477,22.72],[113.547,22.742]]],[[[122.346,30.242],[122.278,30.236],[122.408,30.266],[122.346,30.242]]],[[[121.762,31.374],[121.766,31.321],[121.584,31.441],[121.762,31.374]]],[[[118.633,39.075],[118.48,38.935],[118.478,39.043],[118.56,39.003],[118.633,39.075]]],[[[128.365,38.624],[128.281,38.584],[128.226,38.4],[128.04,38.304],[127.09,38.286],[126.666,37.938],[126.593,37.774],[126.398,37.892],[126.178,37.841],[126.11,37.741],[126.056,37.871],[125.959,37.912],[125.986,37.823],[125.922,37.845],[125.799,37.993],[125.597,38.032],[125.74,37.925],[125.631,37.925],[125.62,37.765],[125.528,37.796],[125.348,37.676],[125.445,37.774],[125.39,37.796],[125.524,37.818],[125.51,37.894],[125.308,37.809],[125.24,37.823],[125.308,37.878],[125.26,37.933],[125.177,37.868],[124.98,37.925],[125.175,37.97],[125.107,38.035],[125.246,38.02],[125.265,38.078],[124.667,38.126],[124.993,38.227],[124.872,38.258],[124.88,38.345],[125.016,38.498],[124.984,38.592],[125.128,38.58],[125.123,38.666],[125.463,38.707],[125.658,38.631],[125.448,38.777],[125.278,38.703],[125.241,38.793],[125.188,38.739],[125.137,38.804],[125.199,38.986],[125.335,39.083],[125.287,39.152],[125.411,39.214],[125.459,39.385],[125.343,39.434],[125.452,39.571],[125.117,39.566],[124.746,39.783],[124.744,39.644],[124.637,39.59],[124.564,39.814],[124.322,39.913],[124.406,40.028],[124.5,40.023],[124.37,40.098],[124.896,40.484],[125.041,40.461],[125.025,40.534],[125.413,40.632],[125.761,40.886],[126.008,40.899],[126.124,41.076],[126.522,41.352],[126.567,41.614],[126.728,41.701],[126.679,41.736],[126.789,41.696],[126.93,41.801],[127.18,41.585],[127.135,41.522],[127.638,41.43],[128.001,41.471],[128.146,41.376],[128.303,41.583],[128.048,41.864],[128.035,41.994],[128.94,42.035],[129.211,42.22],[129.194,42.318],[129.34,42.445],[129.535,42.37],[129.703,42.442],[129.88,42.996],[130.121,42.982],[130.099,42.922],[130.239,42.902],[130.263,42.709],[130.453,42.549],[130.517,42.599],[130.7,42.295],[130.407,42.325],[130.401,42.242],[130.073,42.078],[129.691,41.65],[129.659,41.465],[129.806,41.376],[129.712,41.123],[129.765,40.944],[129.717,40.835],[129.233,40.706],[129.078,40.473],[128.636,40.313],[128.629,40.18],[128.328,40.028],[128.007,40.045],[127.875,39.893],[127.624,39.831],[127.504,39.716],[127.575,39.595],[127.52,39.51],[127.562,39.316],[127.495,39.433],[127.378,39.379],[127.473,39.348],[127.392,39.342],[127.393,39.202],[127.759,39.117],[128.365,38.624]]],[[[23.606,51.517],[23.532,51.659],[23.676,51.994],[23.637,52.084],[23.166,52.289],[23.392,52.51],[23.922,52.743],[23.894,53.152],[23.591,53.611],[23.486,53.939],[24.17,53.959],[24.378,53.887],[24.806,53.975],[24.822,54.135],[25.072,54.132],[25.206,54.257],[25.459,54.299],[25.554,54.231],[25.516,54.145],[25.763,54.156],[25.789,54.236],[25.696,54.321],[25.529,54.321],[25.74,54.569],[25.783,54.87],[26.139,54.969],[26.264,55.14],[26.601,55.121],[26.801,55.273],[26.45,55.327],[26.616,55.688],[26.823,55.706],[26.981,55.827],[27.593,55.794],[27.645,55.923],[28.111,56.157],[28.311,56.043],[28.611,56.088],[28.732,55.947],[29.031,56.024],[29.396,55.948],[29.444,55.907],[29.344,55.787],[29.481,55.681],[29.908,55.843],[30.2,55.858],[30.469,55.794],[30.742,55.594],[30.886,55.6],[30.918,55.388],[30.794,55.286],[30.96,55.163],[31.006,55.023],[30.815,54.928],[30.771,54.786],[31.168,54.622],[31.065,54.492],[31.209,54.448],[31.325,54.229],[31.823,54.053],[31.745,53.795],[32.084,53.81],[32.442,53.714],[32.49,53.677],[32.399,53.635],[32.429,53.562],[32.72,53.439],[32.717,53.335],[32.455,53.3],[32.424,53.204],[32.117,53.081],[31.614,53.21],[31.379,53.182],[31.247,53.014],[31.561,52.787],[31.481,52.682],[31.629,52.548],[31.551,52.512],[31.567,52.311],[31.699,52.251],[31.764,52.101],[30.919,52.059],[30.941,51.994],[30.742,51.898],[30.515,51.604],[30.646,51.367],[30.551,51.237],[30.149,51.484],[29.829,51.43],[29.638,51.491],[29.32,51.366],[29.16,51.603],[29.063,51.631],[28.8,51.533],[28.729,51.401],[28.604,51.554],[28.334,51.528],[28.21,51.652],[28.071,51.558],[27.831,51.613],[27.714,51.464],[27.693,51.589],[27.267,51.587],[27.151,51.757],[25.768,51.929],[24.391,51.88],[23.981,51.586],[23.629,51.629],[23.606,51.517]]],[[[87.816,49.166],[87.4,49.071],[87.272,49.205],[87.025,49.249],[86.824,49.509],[86.592,49.587],[86.776,49.695],[86.748,49.783],[86.61,49.796],[86.177,49.463],[85.615,49.617],[85.224,49.596],[85.056,49.873],[84.955,49.907],[85.025,50.004],[84.987,50.067],[84.25,50.26],[84.196,50.511],[83.951,50.78],[83.434,50.993],[83.108,50.993],[82.976,50.882],[82.726,50.901],[82.673,50.79],[82.476,50.714],[81.744,50.785],[81.46,50.73],[81.401,50.959],[81.052,50.956],[81.152,51.187],[80.683,51.302],[80.599,51.209],[80.422,51.188],[80.439,50.958],[80.143,50.817],[80.015,50.839],[80.086,50.752],[80.021,50.767],[79.043,51.993],[77.867,53.272],[76.495,53.992],[76.377,54.154],[76.665,54.134],[76.838,54.297],[76.753,54.377],[76.896,54.464],[76.476,54.323],[76.234,54.347],[76.184,54.252],[75.429,54.09],[75.361,54.06],[75.434,53.987],[75.028,53.808],[74.772,53.831],[74.616,53.681],[74.438,53.673],[74.388,53.462],[74.223,53.595],[73.904,53.639],[73.653,53.609],[73.411,53.43],[73.347,53.459],[73.391,53.52],[73.231,53.572],[73.23,53.662],[73.432,53.865],[73.683,53.874],[73.741,54.058],[73.602,54.071],[73.518,53.956],[73.36,53.938],[73.063,53.979],[72.942,54.122],[72.624,54.135],[72.503,54.051],[72.656,54.043],[72.7,53.958],[72.392,53.908],[72.358,54.093],[72.483,54.136],[72.299,54.178],[72.324,54.253],[72.043,54.378],[72.067,54.222],[72.178,54.136],[71.762,54.248],[71.647,54.109],[71.321,54.201],[71.161,54.102],[70.971,54.305],[71.191,54.318],[71.141,54.564],[71.265,54.662],[71.006,54.774],[70.977,55.078],[70.793,55.233],[70.82,55.294],[70.441,55.283],[70.214,55.132],[69.674,55.334],[69.335,55.385],[69.186,55.326],[68.927,55.434],[68.971,55.279],[68.701,55.36],[68.605,55.196],[68.177,55.171],[68.308,55.073],[68.166,54.956],[67.882,54.97],[67.698,54.868],[65.977,54.612],[65.933,54.703],[65.744,54.601],[65.45,54.627],[65.449,54.557],[65.198,54.516],[65.184,54.31],[64.911,54.403],[64.72,54.334],[64.579,54.386],[64.004,54.32],[64.008,54.229],[63.897,54.194],[63.709,54.25],[63.157,54.18],[63.085,54.086],[62.581,54.054],[62.525,53.872],[62.39,53.942],[62.413,54.027],[62.003,54.017],[62.004,53.932],[61.791,54.001],[61.582,53.948],[61.338,54.063],[61.194,54.018],[61.211,53.908],[60.996,53.941],[60.978,53.883],[61.199,53.797],[61.008,53.636],[60.88,53.633],[61.281,53.542],[61.503,53.589],[61.555,53.506],[61.412,53.436],[61.235,53.503],[61.163,53.299],[62.051,53.125],[62.094,52.992],[61.959,52.935],[61.448,53.021],[60.975,52.971],[61.058,52.922],[60.673,52.672],[60.803,52.628],[60.815,52.522],[60.936,52.489],[61.04,52.335],[60.672,52.144],[60.426,52.13],[59.986,51.952],[60.061,51.859],[60.452,51.805],[60.376,51.663],[60.937,51.611],[61.029,51.483],[61.474,51.426],[61.664,51.258],[61.534,51.206],[61.372,50.782],[60.718,50.653],[60.3,50.685],[60.136,50.844],[60.021,50.854],[59.816,50.563],[59.523,50.475],[59.452,50.537],[59.563,50.58],[59.438,50.631],[58.926,50.678],[58.664,50.79],[58.55,50.893],[58.595,51.023],[58.308,51.15],[58.168,51.055],[57.769,51.12],[57.722,50.909],[57.468,50.858],[57.334,50.897],[57.154,51.1],[56.716,51.072],[56.688,50.969],[56.478,51.073],[56.315,50.884],[56.158,50.906],[56.079,50.725],[55.66,50.53],[55.468,50.657],[55.305,50.665],[55.048,50.884],[54.638,51.028],[54.503,50.928],[54.638,50.886],[54.676,50.603],[54.499,50.523],[54.38,50.619],[54.479,50.853],[54.276,50.904],[53.936,51.186],[53.674,51.22],[53.594,51.289],[53.61,51.388],[53.407,51.484],[52.546,51.46],[52.308,51.775],[52.092,51.659],[51.869,51.673],[51.693,51.454],[51.584,51.535],[51.304,51.472],[51.237,51.536],[51.372,51.63],[50.767,51.759],[50.791,51.597],[50.671,51.568],[50.582,51.635],[50.527,51.47],[50.36,51.413],[50.325,51.303],[49.779,51.102],[49.437,51.112],[49.347,50.964],[49.424,50.882],[49.369,50.827],[48.83,50.596],[48.568,50.637],[48.673,50.58],[48.783,50.111],[48.874,50.07],[48.785,49.933],[48.43,49.81],[48.239,49.865],[47.808,50.32],[47.599,50.453],[47.47,50.412],[47.295,50.275],[47.309,50.045],[46.9,49.82],[46.775,49.333],[47.04,49.15],[46.754,48.914],[46.478,48.411],[47.099,48.265],[47.104,48.101],[47.192,48.072],[47.044,47.986],[47.159,47.872],[47.124,47.808],[47.36,47.683],[47.412,47.836],[48.174,47.713],[48.525,47.41],[49.006,46.769],[48.764,46.683],[48.557,46.762],[48.455,46.661],[49.306,46.263],[49.15,46.336],[49.059,46.252],[49.115,46.151],[49.042,46.196],[48.932,46.085],[48.839,46.149],[48.818,46.056],[48.714,46.13],[48.627,46.087],[48.729,46.02],[48.655,45.957],[48.752,45.966],[48.791,45.841],[48.716,45.814],[48.555,45.967],[48.357,45.869],[48.399,45.835],[48.289,45.837],[48.243,45.71],[47.859,45.724],[47.818,45.608],[47.56,45.772],[47.654,45.559],[47.385,45.75],[47.572,45.567],[47.494,45.585],[47.497,45.43],[47.381,45.411],[47.46,45.391],[47.37,45.186],[47.297,45.187],[47.201,44.97],[47.099,44.956],[47.078,44.785],[46.989,44.915],[46.962,44.765],[46.722,44.655],[46.68,44.528],[46.759,44.401],[47.026,44.36],[47.122,44.223],[47.246,44.212],[47.503,43.781],[47.366,43.621],[47.404,43.511],[47.544,43.865],[47.702,43.874],[47.491,43.463],[47.493,43.296],[47.586,43.3],[47.486,43.213],[47.462,43.021],[47.698,42.867],[47.727,42.663],[48.096,42.35],[48.387,41.937],[48.579,41.845],[48.37,41.58],[48.054,41.461],[47.871,41.208],[47.547,41.206],[47.268,41.303],[47.141,41.552],[47.027,41.557],[46.741,41.851],[46.568,41.787],[46.526,41.882],[45.934,42.028],[45.631,42.201],[45.699,42.508],[45.323,42.53],[45.123,42.702],[44.859,42.76],[44.773,42.61],[44.679,42.724],[44.508,42.75],[43.94,42.552],[43.723,42.625],[43.801,42.746],[43.156,42.942],[42.83,43.169],[41.578,43.215],[40.652,43.539],[40.233,43.576],[40.073,43.551],[39.963,43.393],[38.758,44.274],[38.217,44.387],[37.778,44.73],[37.8,44.635],[37.499,44.668],[37.192,44.991],[36.577,45.194],[36.962,45.283],[36.789,45.292],[36.758,45.354],[36.848,45.367],[36.782,45.388],[36.668,45.326],[36.833,45.443],[37.139,45.336],[37.078,45.239],[37.319,45.272],[37.159,45.326],[37.519,45.369],[37.591,45.289],[37.729,45.302],[37.744,45.45],[37.635,45.608],[37.586,45.432],[37.595,45.635],[37.703,45.622],[37.667,45.669],[37.829,45.753],[37.94,46.02],[38.098,46.058],[38.032,46.025],[38.04,45.816],[38.167,46.121],[38.56,46.033],[38.571,46.105],[38.123,46.378],[37.905,46.411],[37.731,46.67],[37.982,46.617],[38.272,46.732],[38.575,46.654],[38.513,46.732],[38.378,46.708],[38.415,46.833],[38.804,46.894],[39.075,47.033],[39.28,47.013],[39.389,47.115],[39.28,47.088],[39.264,47.261],[39.088,47.286],[38.847,47.164],[38.478,47.142],[38.81,47.288],[38.217,47.103],[38.203,47.192],[38.301,47.276],[38.191,47.317],[38.319,47.591],[38.735,47.677],[38.831,47.848],[39.759,47.833],[39.76,48.015],[39.993,48.273],[39.816,48.308],[39.924,48.376],[39.835,48.573],[39.632,48.587],[39.779,48.808],[39.975,48.79],[40.054,48.869],[39.759,48.895],[39.681,49.02],[39.919,49.048],[40.142,49.246],[40.16,49.334],[40.035,49.487],[40.131,49.58],[39.802,49.542],[39.558,49.724],[39.261,49.745],[39.156,49.874],[38.937,49.803],[38.665,49.965],[38.356,49.981],[38.3,50.061],[38.174,50.06],[38.166,49.941],[38,49.9],[37.597,50.197],[37.599,50.291],[37.415,50.432],[36.594,50.204],[36.41,50.305],[36.269,50.281],[36.106,50.421],[35.611,50.352],[35.378,50.622],[35.469,50.669],[35.285,50.944],[35.355,51.026],[35.144,51.058],[35.079,51.208],[34.675,51.168],[34.608,51.234],[34.186,51.249],[34.309,51.335],[34.186,51.394],[34.224,51.515],[34.089,51.667],[34.376,51.709],[34.413,51.778],[34.096,51.952],[34.065,52.159],[33.804,52.355],[33.51,52.288],[33.481,52.358],[33.183,52.367],[32.909,52.241],[32.394,52.327],[32.233,52.081],[31.91,52.029],[31.764,52.101],[31.699,52.251],[31.567,52.311],[31.551,52.512],[31.629,52.548],[31.481,52.682],[31.561,52.787],[31.247,53.014],[31.416,53.2],[32.201,53.098],[32.424,53.204],[32.455,53.3],[32.717,53.335],[32.72,53.439],[32.429,53.562],[32.399,53.635],[32.49,53.677],[32.442,53.714],[32.084,53.81],[31.745,53.795],[31.823,54.053],[31.325,54.229],[31.209,54.448],[31.065,54.492],[31.168,54.622],[30.771,54.786],[30.815,54.928],[31.006,55.023],[30.96,55.163],[30.794,55.286],[30.918,55.388],[30.913,55.572],[30.218,55.855],[29.908,55.843],[29.481,55.681],[29.351,55.766],[29.444,55.907],[29.377,55.954],[29.031,56.024],[28.732,55.947],[28.538,56.098],[28.29,56.047],[28.149,56.142],[28.217,56.271],[28.132,56.536],[27.865,56.743],[27.914,56.82],[27.628,56.844],[27.751,57.042],[27.682,57.104],[27.824,57.159],[27.84,57.291],[27.511,57.43],[27.528,57.528],[27.328,57.583],[27.525,57.807],[27.799,57.861],[27.665,57.918],[27.63,58.088],[27.495,58.221],[27.555,58.395],[27.411,58.755],[27.478,58.875],[27.713,58.992],[27.882,59.276],[28.182,59.356],[28.019,59.482],[28.073,59.578],[28.007,59.758],[28.124,59.792],[28.375,59.666],[28.476,59.852],[28.833,59.787],[29.161,60.003],[30.162,59.868],[30.246,59.975],[29.948,60.03],[29.849,60.167],[29.052,60.184],[28.799,60.369],[28.617,60.382],[28.439,60.56],[28.703,60.461],[28.69,60.738],[28.216,60.548],[27.794,60.533],[28.798,61.097],[29.203,61.246],[30.648,62.193],[30.926,62.302],[31.244,62.503],[31.57,62.906],[31.204,63.213],[30.461,63.473],[29.981,63.742],[30.202,63.793],[30.552,64.022],[30.558,64.22],[30.032,64.397],[30.07,64.472],[29.955,64.569],[30.181,64.643],[30.119,64.768],[29.78,64.796],[29.634,64.907],[29.598,65.034],[29.85,65.122],[29.833,65.205],[29.58,65.235],[29.72,65.329],[29.726,65.492],[29.839,65.565],[29.703,65.629],[30.099,65.656],[30.112,65.712],[29.9,66.108],[29.052,66.908],[29.52,67.298],[29.916,67.508],[30.009,67.686],[29.651,67.824],[29.331,68.073],[28.69,68.183],[28.448,68.53],[28.801,68.835],[28.41,68.899],[29.12,69.047],[29.377,69.302],[29.967,69.373],[30.225,69.541],[30.119,69.635],[30.853,69.527],[30.928,69.672],[30.841,69.806],[31.409,69.716],[31.297,69.613],[31.478,69.698],[31.811,69.688],[31.701,69.737],[31.711,69.827],[32.099,69.792],[31.913,69.936],[32.054,69.964],[32.523,69.803],[33.133,69.729],[33.107,69.649],[32.872,69.583],[32.17,69.655],[32.112,69.753],[32.102,69.674],[31.968,69.654],[32.056,69.637],[32.016,69.564],[32.399,69.584],[32.502,69.517],[32.194,69.435],[32.537,69.51],[32.899,69.482],[32.77,69.414],[33.085,69.476],[32.823,69.301],[32.989,69.394],[33.524,69.428],[33.235,69.27],[33.448,69.288],[33.297,69.229],[33.544,69.209],[33.061,69.083],[33.023,68.955],[33.064,69.058],[33.427,69.105],[33.576,69.199],[33.572,69.304],[33.724,69.337],[34.421,69.311],[34.973,69.193],[35.264,69.215],[35.183,69.28],[35.874,69.195],[37.681,68.713],[38.33,68.442],[38.389,68.343],[38.765,68.291],[38.51,68.365],[38.639,68.385],[39.521,68.076],[39.86,68.047],[39.71,68.169],[39.793,68.165],[40.411,67.875],[40.322,67.845],[40.467,67.761],[40.655,67.815],[41.04,67.678],[40.999,67.467],[41.15,67.423],[41.109,67.254],[41.34,67.224],[41.39,67.125],[41.178,66.81],[40.566,66.456],[40.085,66.289],[38.554,66.055],[35.558,66.387],[34.804,66.614],[34.48,66.538],[34.356,66.63],[34.522,66.657],[34.092,66.672],[34.141,66.774],[33.947,66.685],[33.592,66.831],[33.52,66.802],[33.626,66.748],[33.524,66.782],[33.572,66.742],[33.489,66.769],[33.517,66.724],[33.101,66.858],[32.805,67.01],[32.93,67.1],[31.851,67.153],[32.262,67.125],[32.55,67],[32.392,66.954],[32.496,66.933],[32.42,66.886],[33.324,66.646],[32.901,66.575],[33.26,66.618],[33.537,66.536],[32.941,66.528],[33.602,66.502],[33.735,66.426],[33.516,66.406],[33.629,66.344],[33.311,66.317],[34.103,66.247],[34.553,66.094],[34.723,65.988],[34.695,65.909],[34.852,65.9],[34.871,65.774],[34.969,65.728],[34.689,65.81],[34.777,65.597],[34.633,65.487],[34.682,65.453],[34.297,65.385],[34.463,65.364],[34.48,65.281],[34.64,65.241],[34.663,65.127],[34.774,65.1],[34.816,65.043],[34.702,64.98],[34.942,64.858],[34.757,64.774],[35.009,64.743],[34.832,64.698],[34.978,64.612],[34.743,64.556],[35.307,64.372],[35.349,64.296],[35.589,64.322],[35.583,64.411],[35.811,64.342],[35.977,64.199],[36.227,64.136],[36.292,64.01],[37.534,63.801],[38.074,64.017],[38.046,64.148],[37.902,64.24],[38.02,64.309],[37.749,64.442],[37.339,64.34],[37.122,64.395],[36.744,64.681],[36.56,64.717],[36.504,64.836],[36.573,64.83],[36.44,64.917],[36.807,64.959],[36.867,65.076],[36.82,65.147],[37.008,65.173],[37.673,65.036],[37.795,64.921],[38.046,64.854],[38.385,64.845],[38.403,64.774],[38.067,64.781],[38.126,64.696],[38.048,64.646],[38.473,64.743],[38.448,64.818],[39.567,64.545],[39.924,64.603],[39.786,64.597],[39.85,64.676],[40.517,64.541],[40.411,64.737],[40.517,64.774],[40.273,65.021],[39.741,65.357],[39.749,65.552],[40.472,65.813],[40.71,65.972],[41.644,66.173],[42.201,66.532],[42.661,66.443],[42.549,66.385],[43.302,66.426],[43.693,66.237],[43.288,66.09],[43.353,66.041],[43.515,65.974],[43.501,66.053],[43.382,66.072],[43.836,66.186],[44.046,66.081],[44.041,65.994],[44.18,65.864],[44.096,66.262],[44.395,66.622],[44.563,66.666],[44.364,66.782],[44.522,66.919],[44.303,67.056],[44.378,67.104],[43.815,67.177],[43.767,67.278],[44.042,67.68],[44.145,67.679],[44.07,67.714],[44.131,67.792],[44.087,67.885],[44.268,67.927],[44.125,67.934],[44.214,67.989],[44.138,67.995],[44.412,68.063],[44.181,68.036],[44.228,68.297],[43.317,68.667],[43.985,68.551],[45.582,68.514],[45.944,68.446],[46.029,68.324],[46.535,68.133],[46.461,68.112],[46.54,68.108],[46.698,67.816],[45.35,67.73],[45.315,67.592],[45.028,67.532],[44.912,67.372],[45.594,67.158],[45.824,66.899],[46.025,66.833],[46.598,66.858],[46.407,66.746],[47.41,66.929],[47.581,66.87],[47.742,67.031],[47.689,67.196],[47.787,67.252],[47.77,67.338],[47.948,67.444],[47.846,67.601],[48.7,67.716],[49.107,67.639],[48.778,67.727],[48.794,67.831],[48.586,67.934],[49.133,67.863],[50.001,68.058],[50.779,68.379],[51.059,68.351],[52.177,68.582],[52.052,68.492],[52.361,68.475],[52.136,68.379],[52.402,68.338],[52.731,68.474],[52.491,68.592],[52.634,68.659],[52.279,68.598],[52.328,68.633],[53.879,68.974],[54.561,69],[53.595,68.907],[54.026,68.845],[53.72,68.657],[53.944,68.406],[53.804,68.345],[53.609,68.413],[53.691,68.345],[53.44,68.373],[53.211,68.269],[53.993,68.221],[54.185,68.321],[54.203,68.21],[54.504,68.312],[54.691,68.176],[54.832,68.173],[54.924,68.253],[54.856,68.324],[54.937,68.398],[55.393,68.564],[55.997,68.66],[57.33,68.565],[57.604,68.742],[57.93,68.751],[57.957,68.846],[58.171,68.889],[58.424,68.743],[58.285,68.8],[58.271,68.894],[58.879,69.003],[59.224,69],[58.892,68.934],[59.423,68.757],[59.056,68.62],[59.087,68.417],[59.675,68.336],[59.964,68.466],[59.763,68.639],[59.811,68.688],[60.467,68.722],[60.969,68.907],[60.907,68.927],[60.903,69.122],[60.777,69.177],[60.711,69.106],[60.591,69.133],[60.542,69.316],[60.139,69.578],[60.233,69.665],[60.654,69.673],[60.706,69.824],[60.927,69.867],[64.128,69.55],[65.004,69.304],[64.831,69.294],[64.786,69.147],[64.932,69.197],[64.923,69.261],[65.068,69.268],[65.903,69.113],[65.635,69.127],[65.69,69.085],[67.09,68.856],[67.04,68.797],[67.196,68.707],[68.135,68.423],[68.259,68.334],[68.184,68.242],[68.288,68.188],[68.651,68.318],[68.561,68.373],[68.924,68.637],[69.109,68.879],[68.951,68.903],[69.219,68.962],[68.686,68.918],[68.458,68.985],[68.026,69.319],[68.107,69.549],[67.824,69.511],[67.017,69.703],[66.855,69.637],[66.958,69.537],[66.796,69.586],[66.769,69.762],[66.885,70.013],[66.978,70.058],[66.985,69.97],[67.143,69.983],[67.328,70.106],[67.094,70.221],[67.266,70.415],[67.293,70.477],[67.215,70.524],[67.334,70.758],[67.138,70.842],[66.689,70.77],[66.608,70.881],[66.889,71.079],[66.69,71.001],[66.62,71.058],[66.912,71.295],[67.588,71.415],[68.349,71.675],[68.308,71.717],[68.644,72.033],[68.917,72.484],[68.869,72.532],[69.054,72.662],[68.976,72.696],[69.232,72.805],[69.354,72.953],[69.795,72.964],[69.588,72.878],[71.563,72.916],[72.008,72.834],[71.817,72.812],[71.886,72.797],[72.131,72.832],[72.837,72.71],[72.721,72.703],[72.81,72.655],[72.731,72.597],[72.845,72.52],[72.799,72.413],[72.874,72.281],[72.522,71.922],[72.351,71.864],[72.345,71.708],[71.803,71.48],[72.106,71.29],[72.636,71.132],[72.632,71.011],[72.837,70.86],[72.683,70.617],[72.775,70.538],[72.771,70.425],[72.436,70.286],[72.622,70.162],[72.492,70.041],[72.692,69.837],[72.502,69.647],[72.638,69.441],[72.488,69.414],[72.648,69.292],[72.478,69.177],[72.577,68.94],[73.539,68.581],[73.646,68.458],[73.534,68.482],[73.091,68.214],[73.137,68.166],[73.073,68.09],[73.204,67.957],[73.195,67.85],[73.072,67.816],[73.114,67.69],[72.581,67.62],[72.392,67.467],[72.454,67.401],[72.403,67.328],[72.048,67.303],[72.226,67.159],[72.128,67.207],[71.913,67.132],[72.015,67.111],[71.995,67.056],[71.748,66.916],[71.302,66.954],[71.515,66.878],[71.577,66.659],[71.165,66.659],[71.234,66.625],[70.689,66.515],[70.295,66.638],[70.723,66.762],[70.316,66.68],[69.898,66.872],[69.598,66.789],[68.965,66.81],[69.104,66.771],[69.113,66.619],[69.206,66.569],[69.903,66.415],[70.363,66.334],[71.429,66.356],[72.076,66.236],[72.347,66.306],[72.412,66.509],[72.289,66.501],[72.474,66.611],[72.942,66.657],[73.003,66.739],[73.492,66.823],[73.869,67.001],[73.951,67.211],[73.9,67.296],[74.73,67.686],[74.825,67.94],[74.725,68.152],[74.332,68.386],[74.458,68.506],[74.454,68.694],[74.628,68.775],[76.113,68.978],[76.582,68.975],[76.691,68.873],[76.619,68.805],[76.663,68.763],[77.326,68.523],[77.248,68.457],[77.295,68.382],[77.162,68.294],[77.357,68.233],[77.193,67.985],[77.305,67.91],[77.08,67.79],[77.676,67.617],[77.693,67.545],[79.053,67.571],[78.806,67.625],[78.868,67.653],[78.565,67.604],[78.463,67.633],[78.61,67.663],[78.438,67.703],[78.4,67.637],[77.874,67.685],[77.949,67.728],[77.776,67.778],[77.494,67.751],[77.479,67.907],[77.586,67.948],[77.47,67.995],[77.537,68.129],[77.709,68.222],[78.173,68.274],[77.959,68.398],[77.928,68.519],[77.787,68.515],[77.647,68.911],[76.042,69.239],[75.509,69.261],[75.107,69.104],[74.773,69.081],[74.314,69.146],[73.961,69.084],[73.759,69.169],[73.9,69.421],[73.516,69.746],[73.765,70.079],[73.708,70.161],[74.316,70.52],[74.318,70.668],[73.928,70.855],[73.896,70.973],[73.556,71.255],[73.022,71.429],[73.499,71.665],[73.526,71.822],[74.995,72.138],[75.111,72.346],[75.059,72.595],[74.751,72.82],[75.037,72.882],[75.319,72.819],[75.531,72.741],[75.338,72.683],[75.708,72.566],[75.556,72.498],[75.742,72.266],[75.518,72.153],[75.439,71.985],[75.254,71.942],[75.228,71.777],[75.492,71.666],[75.392,71.618],[75.533,71.542],[75.442,71.462],[75.242,71.454],[75.263,71.366],[76.108,71.204],[76.889,71.19],[76.914,71.072],[77.005,71.184],[77.558,71.174],[77.838,71.125],[77.949,70.976],[78.411,70.895],[79.04,70.937],[79.115,71.004],[78.442,70.914],[78.463,71.024],[78.56,71.045],[78.497,71.115],[78.346,71.1],[78.498,71.045],[78.238,71.11],[78.279,71.259],[77.928,71.257],[77.988,71.375],[77.712,71.281],[77.436,71.333],[77.492,71.301],[76.272,71.573],[75.997,71.908],[76.878,72.05],[77.585,71.831],[78.11,71.88],[78.226,71.983],[77.986,72.11],[77.377,72.11],[77.474,72.222],[77.668,72.193],[78.125,72.385],[78.498,72.408],[79.391,72.386],[80.835,72.083],[80.821,72.025],[80.732,72.045],[80.814,72.08],[80.632,72.046],[81.25,71.859],[81.342,71.764],[81.737,71.7],[82.867,71.786],[83.252,71.726],[83.305,71.658],[83.012,71.529],[83.048,71.415],[82.273,71.279],[82.353,71.096],[82.208,70.987],[82.417,70.777],[82.082,70.565],[82.349,70.202],[82.157,70.572],[82.465,70.613],[82.431,70.695],[82.554,70.762],[82.479,70.805],[82.579,70.911],[82.735,70.966],[82.877,70.917],[82.902,71.001],[83.134,70.882],[83.137,70.764],[82.993,70.572],[83.053,70.5],[83.011,70.427],[82.664,70.26],[82.644,70.181],[83.111,70.069],[83.183,70.139],[82.952,70.325],[83.534,70.332],[83.775,70.477],[83.382,71.033],[83.116,71.113],[83.257,71.117],[83.148,71.245],[83.376,71.37],[83.382,71.465],[83.563,71.51],[83.619,71.631],[83.361,71.841],[82.678,71.879],[82.185,72.093],[82.307,72.183],[82.198,72.282],[81.208,72.355],[80.704,72.545],[80.834,72.621],[80.686,72.646],[80.632,72.734],[80.773,72.806],[80.814,72.974],[80.437,73.101],[80.569,73.142],[80.231,73.176],[80.563,73.222],[80.255,73.33],[80.677,73.505],[80.506,73.498],[80.513,73.567],[84.793,73.765],[85.427,73.712],[85.585,73.819],[86.016,73.867],[87.08,73.872],[87.011,73.779],[85.787,73.481],[85.833,73.332],[86.663,73.122],[86.782,73.001],[86.66,73.152],[85.934,73.324],[85.844,73.44],[86.204,73.558],[87.165,73.611],[87.664,73.891],[87.296,73.841],[86.94,74.033],[87.42,74.012],[87.362,74.048],[86.896,74.07],[86.724,74.132],[86.803,74.184],[86.711,74.224],[86.02,74.263],[85.906,74.355],[86.297,74.313],[86.255,74.389],[86.049,74.416],[86.475,74.458],[86.954,74.389],[86.716,74.302],[86.949,74.343],[86.993,74.27],[87.016,74.367],[87.262,74.355],[86.535,74.512],[86.782,74.561],[85.74,74.636],[86.101,74.736],[86.028,74.814],[86.091,74.821],[86.367,74.775],[86.213,74.766],[86.321,74.708],[86.958,74.609],[86.903,74.654],[86.954,74.684],[86.762,74.704],[87.064,74.725],[87.061,74.84],[87.386,74.944],[87.173,74.985],[87.426,75.006],[87.574,74.93],[87.79,75.026],[86.899,75.088],[87.025,75.164],[87.953,75.1],[88.307,75.176],[88.371,75.255],[88.626,75.267],[88.55,75.314],[88.612,75.344],[89.085,75.403],[88.757,75.417],[89.246,75.507],[89.704,75.444],[89.613,75.492],[90.058,75.52],[89.954,75.578],[90.887,75.671],[91.58,75.638],[91.7,75.736],[92.371,75.74],[94.163,75.944],[93.74,75.9],[93.546,75.953],[93.419,75.873],[93.277,75.982],[92.964,75.931],[93.108,75.911],[93.007,75.887],[92.827,75.965],[92.952,76.067],[93.231,76.054],[93.121,76.096],[93.43,76.107],[93.334,76.068],[93.427,76.012],[93.999,76.054],[93.636,76.123],[93.686,76.132],[94.374,76.121],[94.459,76.052],[94.739,76.116],[94.573,76.16],[96.196,76.088],[95.575,75.889],[95.74,75.856],[96.301,75.999],[96.665,75.965],[96.461,75.872],[96.835,75.889],[97.251,76.043],[97.397,76.047],[97.185,75.931],[97.824,75.988],[97.548,76.054],[98.161,76.091],[98.22,76.103],[97.918,76.123],[98.816,76.267],[98.713,76.205],[99.235,76.224],[99.296,76.205],[99.09,76.164],[99.574,76.155],[99.468,76.109],[99.755,76.049],[99.679,75.876],[99.424,75.793],[99.571,75.78],[99.902,75.927],[99.825,76.024],[99.866,76.108],[99.591,76.272],[99.02,76.362],[98.818,76.494],[100.304,76.462],[100.851,76.54],[101.016,76.459],[102.25,76.383],[100.878,76.555],[101.105,76.616],[101.126,76.733],[101.235,76.767],[100.858,76.873],[100.919,76.976],[101.206,76.986],[101.207,77.099],[102.076,77.391],[102.271,77.381],[103.197,77.659],[103.593,77.632],[104.29,77.738],[104.289,77.673],[104.752,77.706],[104.867,77.613],[105.334,77.541],[105.874,77.569],[105.977,77.425],[106.292,77.37],[105.758,77.369],[105.456,77.24],[104.142,77.089],[105.928,77.144],[105.737,77.061],[105.785,77.041],[105.435,77],[106.206,77.062],[106.755,77.001],[106.649,77.034],[106.83,77.055],[107.286,77.021],[107.5,76.925],[106.926,76.713],[106.724,76.719],[106.799,76.675],[106.612,76.56],[106.397,76.604],[106.417,76.509],[107.845,76.535],[107.985,76.623],[107.902,76.671],[107.946,76.737],[109.398,76.76],[110.061,76.692],[111.09,76.762],[111.119,76.682],[111.555,76.684],[111.446,76.63],[112.199,76.472],[111.829,76.341],[112.257,76.454],[112.748,76.335],[112.658,76.322],[112.74,76.267],[112.693,76.232],[112.501,76.239],[112.858,76.144],[112.57,76.047],[112.962,76.065],[113.059,76.164],[113.303,76.116],[112.932,76.26],[113.259,76.266],[113.241,76.205],[113.359,76.211],[113.46,76.148],[113.453,76.041],[113.549,76.021],[113.44,75.944],[113.563,75.896],[113.481,75.856],[113.781,75.939],[113.89,75.854],[113.72,75.619],[113.556,75.54],[113.426,75.54],[113.617,75.656],[113.068,75.683],[113.138,75.711],[112.337,75.848],[112.871,75.711],[112.748,75.698],[112.878,75.647],[112.814,75.557],[113.267,75.651],[113.291,75.551],[113.638,75.524],[113.72,75.41],[113.549,75.406],[113.671,75.369],[113.605,75.285],[112.88,74.993],[112.147,74.878],[111.772,74.669],[111.403,74.691],[110.96,74.548],[110.332,74.496],[110.281,74.478],[110.363,74.418],[110.212,74.372],[109.561,74.314],[109.98,74.296],[109.797,74.162],[108.996,74.016],[108.067,73.635],[107.147,73.618],[107.101,73.574],[107.17,73.553],[106.785,73.341],[106.063,73.273],[105.834,73.002],[105.073,72.765],[105.483,72.768],[106.036,72.953],[106.657,72.832],[107.103,72.856],[106.255,72.967],[106.176,73.094],[106.36,73.194],[106.776,73.141],[108.317,73.222],[108.396,73.258],[108.198,73.279],[109.221,73.387],[109.209,73.469],[109.435,73.427],[109.194,73.552],[109.714,73.453],[110.925,73.704],[110.918,73.766],[110.664,73.787],[109.737,73.662],[109.531,73.775],[110.021,74.014],[110.959,73.909],[111.103,73.95],[111.126,74.03],[111.536,74.051],[111.582,74.026],[111.198,73.978],[111.436,73.813],[112.372,73.705],[112.945,73.79],[112.847,73.995],[113.131,73.882],[113.428,73.634],[113.131,73.45],[113.498,73.336],[113.487,72.964],[113.118,72.861],[113.177,72.733],[114.09,72.601],[113.391,72.681],[113.158,72.823],[113.542,72.977],[113.562,73.253],[114.036,73.347],[113.775,73.356],[113.467,73.505],[115.413,73.71],[118.45,73.589],[118.998,73.491],[118.467,73.478],[118.346,73.403],[118.428,73.375],[118.353,73.282],[118.394,73.238],[119.535,73.055],[119.723,72.959],[120.534,72.874],[119.764,73.008],[121.055,72.932],[121.791,72.977],[122.732,72.827],[122.308,72.941],[122.953,72.892],[122.43,72.985],[122.614,73.031],[123.235,72.935],[123.468,73.08],[123.401,73.174],[123.671,73.203],[123.332,73.351],[123.413,73.391],[123.218,73.409],[123.417,73.444],[123.246,73.546],[123.424,73.581],[123.37,73.663],[123.591,73.717],[123.562,73.643],[123.646,73.603],[123.974,73.627],[123.877,73.773],[124.06,73.685],[124.383,73.806],[124.856,73.724],[124.987,73.628],[125.137,73.704],[125.198,73.551],[125.652,73.525],[125.521,73.457],[125.563,73.409],[125.877,73.461],[125.816,73.491],[125.918,73.54],[125.973,73.532],[125.941,73.428],[126.288,73.557],[126.391,73.464],[126.171,73.459],[126.255,73.403],[126.158,73.381],[126.42,73.409],[126.549,73.347],[126.565,73.233],[126.659,73.303],[126.563,73.381],[126.73,73.444],[126.829,73.389],[126.932,73.43],[126.83,73.519],[127.05,73.549],[127.988,73.471],[127.899,73.436],[128.077,73.406],[127.96,73.347],[128.34,73.361],[128.235,73.265],[128.969,73.177],[128.777,73.071],[129.066,73.128],[129.444,73.029],[129.479,72.979],[129.36,72.94],[128.928,72.98],[128.291,72.909],[128.129,72.786],[129.358,72.703],[129.198,72.655],[128.479,72.725],[127.905,72.667],[128.611,72.483],[129.258,72.464],[129.242,72.416],[129.501,72.332],[129.358,72.263],[129.564,72.231],[129.242,72.134],[129.489,72.128],[128.934,72.073],[128.494,72.203],[128.529,72.259],[127.666,72.43],[127.864,72.332],[127.78,72.306],[128.442,72.1],[128.664,71.863],[128.927,71.739],[129.184,71.809],[129.041,72.019],[129.544,71.723],[129.305,71.761],[128.82,71.658],[129.249,71.55],[129.392,71.347],[129.763,71.148],[129.626,71.086],[130.08,71.083],[130.222,70.994],[130.167,70.969],[130.62,70.866],[130.769,70.978],[130.888,70.763],[131.042,70.739],[131.546,70.887],[131.761,71.135],[131.866,71.149],[131.851,71.208],[132.188,71.216],[131.942,71.267],[132.264,71.682],[132.718,71.946],[133.066,71.971],[133.341,71.886],[133.354,71.834],[133.031,71.955],[132.796,71.911],[132.813,71.831],[132.715,71.811],[133.152,71.579],[133.909,71.399],[134.739,71.368],[134.669,71.264],[134.77,71.367],[134.697,71.421],[134.81,71.482],[135.423,71.531],[135.341,71.566],[135.622,71.623],[136.444,71.576],[136.547,71.477],[136.775,71.523],[137.492,71.347],[137.403,71.285],[137.532,71.246],[137.705,71.285],[137.692,71.221],[137.526,71.22],[137.813,71.12],[138.074,71.134],[137.739,71.229],[138.067,71.225],[138.24,71.278],[137.996,71.302],[138.363,71.319],[137.829,71.387],[138.099,71.581],[138.5,71.613],[138.404,71.58],[138.438,71.539],[138.756,71.643],[139.045,71.569],[139.192,71.415],[139.443,71.495],[140.033,71.472],[139.735,71.672],[139.692,71.792],[139.809,71.861],[139.336,71.95],[139.635,71.955],[139.874,72.178],[140.132,72.154],[140.197,72.214],[139.257,72.179],[139.35,72.134],[139.094,72.248],[139.542,72.498],[140.577,72.496],[141.111,72.587],[140.933,72.601],[140.992,72.709],[140.583,72.867],[140.726,72.899],[142.232,72.702],[143.487,72.7],[145.41,72.556],[146.854,72.354],[145.353,72.347],[144.943,72.438],[144.521,72.225],[144.105,72.278],[144.416,72.175],[145.069,72.264],[146.929,72.313],[145.973,71.856],[145.993,72.03],[146.347,72.128],[146.079,72.17],[145.968,72.071],[145.942,72.155],[145.849,72.162],[145.88,72.219],[145.613,72.244],[145.75,72.21],[145.621,72.08],[145.791,72.028],[145.806,71.929],[145.329,71.871],[144.971,71.98],[144.974,71.914],[145.216,71.843],[144.886,71.771],[144.893,71.675],[145.333,71.661],[146.036,71.786],[147.196,72.33],[148.402,72.311],[149.611,72.148],[150.074,71.894],[149.709,71.773],[149.369,71.904],[149.149,71.771],[148.834,71.812],[149.039,71.758],[148.827,71.675],[149.953,71.67],[150.102,71.595],[149.952,71.592],[149.868,71.462],[150.671,71.49],[150.515,71.346],[150.047,71.21],[150.657,71.39],[150.739,71.394],[150.595,71.278],[151.033,71.394],[151.591,71.31],[152.137,71.017],[151.681,70.976],[152.541,70.791],[155.48,71.062],[155.53,70.976],[155.605,71.066],[155.936,71.099],[157.989,71.048],[159.238,70.829],[159.843,70.582],[160.094,70.31],[159.938,70.128],[159.689,70.134],[159.915,70.099],[159.692,69.911],[159.769,69.762],[160.256,69.719],[160.319,69.654],[160.915,69.647],[161.006,69.577],[160.921,69.462],[161.039,69.195],[160.963,69.106],[161.415,68.982],[161.107,68.605],[160.758,68.564],[160.821,68.527],[161.134,68.561],[161.347,68.701],[161.319,68.79],[161.574,68.921],[161.399,69.221],[161.463,69.287],[161.415,69.331],[161.703,69.496],[162.327,69.702],[163.585,69.684],[164.027,69.774],[164.834,69.567],[165.675,69.596],[166.894,69.496],[167.802,69.775],[168.083,69.709],[167.926,69.654],[168.254,69.544],[168.192,69.38],[168.288,69.243],[169.371,69.077],[169.454,68.845],[169.625,68.777],[170.351,68.828],[170.625,68.749],[170.449,68.863],[170.633,68.918],[170.728,68.822],[170.68,68.94],[171.159,69.044],[170.9,69.171],[170.913,69.304],[170.606,69.59],[170.161,69.613],[170.592,69.765],[170.523,69.938],[170.557,70.092],[170.407,70.113],[170.482,70.142],[172.725,69.981],[173.236,69.819],[173.198,69.783],[173.479,69.836],[173.164,69.887],[173.279,69.942],[173.928,69.845],[175.716,69.881],[175.53,69.856],[175.997,69.769],[176.158,69.821],[175.782,69.885],[176.128,69.894],[176.272,69.819],[176.242,69.774],[176.735,69.675],[178.773,69.415],[179.068,69.325],[178.666,69.383],[178.654,69.317],[179.261,69.272],[179.959,68.996],[179.548,69.113],[179.692,69.016],[180,68.981],[180,65.066],[179.479,64.823],[178.562,64.592],[178.486,64.611],[178.756,64.682],[177.625,64.72],[177.389,64.836],[177.492,64.85],[177.433,64.929],[176.937,65.083],[176.306,65.055],[176.546,65.001],[176.959,65.047],[177.3,64.823],[177.04,64.773],[176.626,64.868],[176.436,64.811],[176.046,64.963],[175.715,64.794],[174.442,64.692],[175.712,64.775],[176.082,64.919],[176.424,64.71],[176.145,64.628],[176.114,64.542],[176.458,64.692],[176.743,64.571],[176.986,64.711],[177.492,64.768],[177.362,64.548],[177.454,64.421],[177.813,64.254],[178.184,64.206],[178.075,64.254],[178.283,64.354],[178.2,64.44],[178.589,64.035],[178.484,64.071],[178.383,64.001],[178.492,63.987],[178.383,63.973],[178.639,63.946],[178.643,64.001],[178.759,63.623],[178.609,63.677],[178.733,63.608],[178.355,63.63],[178.269,63.565],[178.711,63.57],[178.72,63.476],[178.595,63.411],[178.699,63.386],[178.838,63.435],[178.777,63.595],[179.006,63.321],[178.848,63.404],[178.809,63.35],[179.386,63.161],[179.418,63.068],[179.242,63.006],[179.316,62.906],[179.541,62.849],[179.609,62.706],[179.563,62.625],[179.149,62.496],[179.15,62.342],[179.074,62.287],[178.061,62.541],[177.307,62.582],[177.32,62.746],[177.458,62.815],[177.189,62.71],[176.992,62.869],[177.042,62.769],[176.928,62.673],[177.05,62.584],[177.266,62.588],[176.662,62.535],[176.279,62.317],[175.306,62.075],[175.395,62.123],[175.258,62.169],[175.174,62.022],[174.765,61.917],[174.6,61.985],[174.727,61.886],[174.49,61.815],[174.073,61.842],[174.021,61.797],[174.107,61.78],[173.805,61.65],[173.545,61.749],[173.481,61.555],[173.331,61.547],[173.128,61.397],[172.897,61.472],[172.716,61.431],[172.955,61.314],[172.668,61.334],[172.767,61.263],[172.647,61.191],[172.338,61.211],[172.434,61.143],[172.263,61.115],[172.49,61.081],[172.373,61.013],[172.009,61.101],[172.201,60.976],[172.047,60.861],[171.958,60.953],[171.949,60.848],[171.537,60.807],[171.633,60.745],[171.413,60.69],[171.468,60.731],[171.396,60.783],[171.372,60.643],[171.179,60.559],[170.751,60.529],[170.811,60.498],[170.717,60.428],[170.516,60.451],[170.662,60.332],[170.502,60.273],[170.401,59.966],[170.265,59.92],[169.849,60.182],[169.975,60.232],[169.755,60.276],[169.693,60.416],[169.264,60.55],[169.371,60.567],[169.214,60.629],[169.167,60.567],[167.768,60.553],[167.772,60.497],[167.592,60.445],[167.336,60.471],[167.374,60.406],[167.192,60.355],[167.025,60.428],[167.048,60.328],[166.898,60.3],[166.932,60.259],[166.245,59.831],[166.11,59.827],[166.103,59.909],[166.175,60.12],[166.285,60.197],[166.233,60.396],[166.313,60.393],[166.373,60.499],[166.013,60.44],[165.924,60.382],[166.212,60.457],[165.671,60.252],[165.445,60.259],[165.229,60.097],[165.192,60.17],[164.999,60.135],[165.212,59.991],[164.839,59.787],[164.489,60.111],[164.118,59.941],[164.19,59.854],[164.042,59.908],[164.205,59.998],[163.629,60.047],[163.683,59.974],[163.794,59.991],[163.362,59.827],[163.39,59.632],[163.18,59.558],[163.321,59.411],[163.313,59.288],[163.067,59.234],[163.262,59.081],[163.164,59.034],[163.074,59.142],[162.883,59.133],[163.069,58.968],[162.878,58.906],[162.89,58.979],[162.677,58.874],[162.788,58.832],[162.405,58.654],[161.993,58.087],[162.082,57.882],[162.456,57.784],[162.355,57.689],[162.522,57.754],[162.53,57.937],[162.69,57.97],[163.219,57.813],[163.33,57.709],[163.075,57.461],[162.8,57.346],[162.786,57.145],[162.86,57.051],[162.784,56.763],[163.239,56.733],[163.25,56.451],[163.366,56.181],[163.118,56.106],[163.051,56.005],[162.557,56.229],[163.116,56.501],[163.02,56.538],[162.91,56.426],[162.683,56.484],[162.414,56.384],[162.593,56.268],[162.057,56.069],[161.764,55.555],[161.813,55.179],[162.152,54.863],[162.128,54.76],[161.724,54.509],[161.312,54.49],[161.151,54.597],[160.741,54.535],[160.053,54.176],[159.902,53.982],[159.818,53.66],[159.915,53.591],[159.873,53.666],[159.931,53.645],[159.96,53.497],[159.791,53.516],[159.975,53.332],[159.915,53.269],[159.969,53.215],[160.018,53.265],[160.059,53.097],[159.771,53.204],[159.825,53.283],[159.164,53.135],[158.709,52.892],[158.592,53.062],[158.438,53.025],[158.436,52.92],[158.647,52.899],[158.5,52.779],[158.599,52.714],[158.565,52.647],[158.421,52.659],[158.53,52.488],[158.421,52.412],[158.543,52.421],[158.558,52.313],[158.39,52.226],[158.287,51.968],[157.913,51.631],[157.537,51.486],[157.476,51.361],[156.67,50.864],[156.762,51.078],[156.722,51.195],[156.524,51.312],[156.439,52.216],[156.282,52.529],[156.372,52.447],[156.447,52.511],[156.266,52.598],[156.111,52.935],[155.551,55.284],[155.686,56.039],[155.947,56.622],[156.125,56.832],[156.174,56.846],[156.064,56.716],[156.461,56.948],[156.552,57.109],[156.684,57.048],[157.001,57.426],[156.931,57.658],[156.749,57.73],[156.981,57.857],[157.242,57.77],[157.47,57.804],[157.64,58.025],[158.225,58.025],[158.338,57.953],[158.229,58.039],[159.153,58.508],[159.237,58.468],[159.194,58.542],[159.728,58.883],[159.803,59.096],[160.336,59.361],[160.497,59.552],[160.847,59.618],[161.467,60.032],[161.897,60.203],[161.939,60.417],[162.754,60.646],[162.917,60.76],[163.325,60.805],[163.315,60.722],[163.436,60.832],[163.751,60.883],[163.487,61.002],[164.029,61.347],[163.952,61.435],[163.751,61.443],[163.866,61.647],[164.045,61.683],[164.127,62.262],[164.538,62.451],[165.297,62.323],[165.124,62.451],[165.651,62.459],[165.11,62.485],[164.447,62.689],[163.399,62.576],[163.168,62.432],[163.369,62.328],[163.091,62.227],[163.105,62.08],[163.193,62.067],[162.977,61.8],[163.343,61.706],[163.327,61.658],[163.112,61.616],[163.017,61.517],[162.86,61.603],[162.943,61.65],[162.839,61.708],[162.623,61.659],[162.775,61.594],[162.417,61.676],[161.986,61.373],[161.888,61.431],[161.89,61.336],[161.807,61.372],[161.567,61.184],[160.915,60.9],[160.792,60.718],[160.431,60.749],[160.186,60.578],[160.147,60.662],[160.22,60.665],[160.252,60.772],[160.17,60.825],[160.254,60.825],[160.444,61.036],[159.798,60.931],[160,61.106],[159.943,61.244],[159.776,61.242],[159.996,61.284],[159.91,61.314],[160.107,61.43],[160.035,61.459],[160.285,61.554],[160.319,61.667],[160.259,61.69],[160.414,61.765],[160.346,61.945],[160.039,61.846],[159.881,61.705],[159.577,61.653],[159.512,61.7],[159.566,61.817],[159.478,61.764],[159.356,61.817],[159.36,61.893],[159.118,61.917],[158.895,61.894],[158.837,61.821],[158.26,61.826],[158.08,61.734],[157.537,61.792],[157.365,61.685],[157.028,61.651],[156.924,61.552],[156.67,61.516],[156.655,61.197],[156.374,61.149],[155.943,60.923],[155.914,60.704],[155.83,60.729],[154.952,60.367],[154.692,60.201],[154.488,59.946],[154.564,60.094],[154.408,60.063],[154.473,59.879],[154.221,59.87],[154.229,59.73],[154.368,59.575],[154.22,59.664],[154.075,59.509],[154.138,59.457],[154.298,59.443],[154.402,59.535],[154.427,59.421],[154.537,59.423],[154.429,59.547],[154.963,59.496],[155.21,59.344],[155.194,59.176],[154.813,59.194],[154.791,59.131],[154.438,59.216],[154.333,59.192],[154.358,59.111],[154.049,59.053],[153.692,59.185],[153.769,59.247],[153.648,59.191],[153.369,59.241],[153.284,59.149],[153.337,59.09],[153.007,59.061],[152.9,58.904],[152.557,58.95],[152.363,59.06],[152.02,58.875],[151.354,58.833],[151.088,59.102],[152.322,59.207],[152.137,59.296],[151.734,59.307],[151.77,59.35],[151.666,59.459],[151.396,59.604],[150.907,59.559],[150.942,59.461],[150.78,59.432],[150.504,59.489],[150.774,59.562],[149.375,59.772],[149.041,59.643],[149.212,59.469],[148.892,59.467],[148.846,59.553],[148.743,59.472],[148.736,59.368],[148.99,59.375],[148.935,59.233],[148.437,59.262],[148.394,59.379],[148.219,59.409],[147.845,59.377],[147.826,59.27],[147.591,59.304],[147.546,59.238],[146.504,59.463],[146.319,59.402],[146.323,59.18],[146.05,59.139],[145.825,59.241],[145.957,59.417],[145.809,59.367],[145.675,59.436],[145.001,59.37],[143.904,59.423],[143.494,59.319],[143.165,59.381],[142.262,59.125],[141.584,58.618],[140.904,58.383],[140.667,58.191],[140.496,57.845],[140.035,57.713],[139.79,57.483],[138.933,57.135],[138.885,57.019],[138.606,56.945],[138.582,56.785],[138.55,56.86],[138.454,56.839],[138.261,56.616],[138.13,56.586],[138.125,56.507],[138.258,56.466],[138.223,56.424],[137.914,56.36],[137.724,56.136],[137.444,56.049],[137.391,55.946],[136.43,55.565],[136.162,55.318],[135.469,55.057],[135.173,54.821],[135.244,54.701],[135.654,54.666],[135.75,54.571],[136.823,54.648],[136.883,54.591],[136.807,54.516],[136.841,54.432],[136.739,54.414],[136.821,54.316],[136.752,54.284],[136.814,54.159],[136.659,53.935],[136.685,53.808],[136.775,53.773],[137.186,53.851],[137.291,54.036],[137.157,54.044],[137.061,54.146],[137.395,54.308],[137.736,54.321],[137.484,54.085],[137.437,54.146],[137.308,54.118],[137.32,54.049],[137.591,53.956],[137.863,53.968],[137.609,53.834],[137.488,53.671],[137.218,53.601],[137.335,53.529],[138.15,53.673],[138.284,53.739],[138.366,53.909],[138.579,53.999],[138.58,53.828],[138.216,53.492],[138.439,53.514],[138.656,53.732],[138.772,54.016],[138.767,54.105],[138.665,54.077],[138.747,54.242],[138.644,54.297],[139.302,54.191],[139.768,54.304],[139.816,54.215],[140.241,54.057],[140.331,53.97],[140.257,53.869],[140.581,53.639],[141.098,53.475],[140.931,53.436],[141.407,53.304],[141.358,53.221],[141.433,53.149],[141.186,53.05],[141.262,53.036],[141.189,52.987],[140.707,53.111],[141.261,52.852],[141.201,52.777],[141.316,52.659],[141.128,52.423],[141.556,52.162],[141.355,52.106],[141.303,52.022],[141.426,51.925],[141.2,51.824],[141.109,51.679],[140.915,51.624],[140.901,51.494],[140.8,51.454],[140.896,51.429],[140.874,51.372],[140.686,51.313],[140.707,51.032],[140.53,50.862],[140.442,50.53],[140.545,50.344],[140.523,50.151],[140.691,50.08],[140.415,49.875],[140.535,49.777],[140.561,49.575],[140.436,49.294],[140.336,49.288],[140.39,49.275],[140.356,49.096],[140.295,49.088],[140.344,49.047],[140.219,49.014],[140.398,48.993],[140.213,48.767],[140.177,48.462],[139.262,47.788],[138.969,47.318],[138.563,47.03],[138.345,46.549],[138.202,46.454],[138.034,46.156],[137.145,45.375],[136.811,45.193],[136.444,44.785],[136.355,44.789],[136.165,44.497],[135.838,44.363],[135.624,44.038],[135.464,43.95],[135.519,43.881],[135.426,43.763],[135.182,43.711],[135.224,43.645],[135.14,43.508],[134.194,43.08],[133.927,42.883],[133.593,42.853],[133.158,42.688],[133.024,42.699],[133.079,42.75],[132.99,42.827],[132.816,42.756],[132.763,42.908],[132.578,42.84],[132.404,42.942],[132.312,42.845],[132.346,43.298],[131.93,43.07],[131.85,43.1],[132.052,43.315],[131.968,43.271],[131.827,43.338],[131.565,42.996],[131.394,42.945],[131.472,42.873],[131.273,42.777],[131.22,42.555],[131.12,42.667],[130.89,42.6],[130.815,42.634],[130.95,42.653],[130.657,42.664],[130.873,42.528],[130.704,42.295],[130.531,42.53],[130.572,42.622],[130.38,42.697],[130.586,42.817],[131.103,42.91],[131.078,43.032],[131.281,43.38],[131.161,43.533],[131.264,44.054],[131.066,44.682],[130.933,44.842],[131.434,44.961],[131.853,45.338],[131.969,45.234],[132.921,45.028],[133.099,45.108],[133.18,45.494],[133.477,45.628],[133.477,45.82],[133.658,45.935],[133.687,46.142],[133.902,46.259],[133.863,46.339],[133.934,46.391],[133.846,46.471],[134.015,46.665],[134.069,46.981],[134.227,47.118],[134.184,47.328],[134.557,47.471],[134.773,47.711],[134.559,48.01],[134.719,48.263],[134.386,48.381],[133.738,48.251],[133.524,48.095],[133.092,48.107],[132.806,47.936],[132.675,47.951],[132.525,47.708],[130.966,47.704],[130.907,47.884],[130.675,48.064],[130.824,48.294],[130.759,48.486],[130.626,48.482],[130.53,48.616],[130.674,48.871],[130.202,48.883],[129.926,49.026],[129.711,49.274],[129.552,49.29],[129.481,49.421],[129.379,49.425],[129.341,49.341],[129.115,49.349],[128.76,49.471],[128.802,49.565],[128.672,49.611],[128.198,49.539],[127.855,49.585],[127.539,49.79],[127.487,50.026],[127.591,50.209],[127.331,50.328],[127.359,50.415],[127.289,50.466],[127.367,50.578],[127.287,50.751],[126.932,51.064],[126.972,51.324],[126.809,51.289],[126.909,51.391],[126.677,51.577],[126.726,51.709],[126.439,51.998],[126.556,52.131],[126.317,52.2],[126.439,52.275],[126.316,52.316],[126.351,52.377],[126.2,52.467],[126.212,52.533],[125.991,52.586],[126.088,52.775],[125.977,52.765],[125.837,52.907],[125.646,52.885],[125.734,52.982],[125.621,53.062],[125.074,53.212],[124.898,53.186],[124.87,53.108],[123.614,53.563],[122.86,53.474],[122.317,53.496],[121.203,53.277],[120.874,53.28],[120.033,52.761],[120.079,52.59],[120.454,52.639],[120.724,52.542],[120.626,52.347],[120.784,52.158],[120.706,51.98],[120.1,51.66],[119.916,51.331],[119.762,51.215],[119.741,51.072],[119.518,50.905],[119.497,50.737],[119.138,50.393],[119.357,50.341],[119.316,50.093],[119.092,49.987],[118.644,49.955],[117.874,49.513],[117.058,49.673],[116.218,50.014],[115.716,49.878],[115.388,49.891],[114.754,50.236],[114.286,50.277],[113.58,50.02],[113.183,49.802],[113.061,49.596],[112.777,49.501],[112.473,49.534],[112.03,49.412],[111.338,49.365],[110.731,49.138],[110.371,49.242],[110.181,49.162],[109.287,49.339],[108.538,49.327],[107.927,49.67],[107.947,49.933],[107.192,50.006],[106.974,50.196],[106.657,50.327],[106.222,50.292],[105.985,50.4],[105.329,50.476],[104.406,50.301],[104.122,50.148],[103.277,50.198],[103.202,50.297],[102.927,50.303],[102.303,50.564],[102.329,50.719],[102.217,50.799],[102.23,50.979],[102.147,51.098],[102.193,51.307],[102.075,51.375],[101.35,51.45],[100.511,51.727],[99.918,51.749],[98.928,52.13],[98.683,51.819],[98.332,51.718],[98.22,51.475],[98.04,51.457],[97.806,51.001],[97.985,50.847],[97.944,50.774],[98.038,50.623],[98.293,50.519],[98.262,50.284],[98.048,50.023],[97.83,49.923],[97.567,49.917],[97.574,49.848],[97.343,49.734],[97.153,49.75],[96.969,49.887],[96.585,49.858],[96.056,49.999],[95.946,49.939],[95.828,50.02],[95.501,49.887],[95.076,49.946],[94.922,50.046],[94.603,50.02],[94.354,50.224],[94.259,50.558],[93.105,50.599],[93.011,50.623],[92.962,50.778],[92.796,50.788],[92.65,50.674],[92.361,50.868],[92.159,50.689],[91.75,50.684],[91.416,50.461],[91.012,50.425],[90.684,50.216],[90.475,50.215],[90.021,50.071],[89.969,49.967],[89.668,49.927],[89.615,49.842],[89.702,49.72],[89.372,49.582],[89.216,49.634],[89.195,49.522],[88.975,49.456],[88.868,49.538],[88.871,49.436],[88.2,49.454],[88.116,49.357],[88.144,49.271],[87.816,49.166]]],[[[22.767,54.356],[19.61,54.457],[19.9,54.667],[19.977,54.965],[20.482,54.976],[20.925,55.283],[20.99,55.27],[20.531,54.965],[21.091,54.902],[21.243,54.961],[21.183,55.202],[21.375,55.29],[22.05,55.034],[22.581,55.058],[22.844,54.832],[22.682,54.57],[22.767,54.356]]],[[[-180,65.066],[-180,68.982],[-179.58,68.909],[-179.523,68.965],[-179.32,68.812],[-178.845,68.752],[-178.485,68.592],[-178.725,68.676],[-178.7,68.543],[-178.021,68.416],[-177.951,68.338],[-178.074,68.259],[-177.705,68.345],[-178.375,68.557],[-177.492,68.292],[-177.766,68.263],[-177.635,68.195],[-177.338,68.245],[-177.174,68.199],[-177.259,68.211],[-177.219,68.14],[-177.075,68.164],[-176.565,68.01],[-176.789,67.979],[-176.539,67.895],[-176.209,67.902],[-176.533,68.003],[-175.921,67.851],[-176.116,67.807],[-176.07,67.727],[-176.341,67.696],[-176.206,67.645],[-175.682,67.59],[-176.012,67.727],[-175.824,67.813],[-175.266,67.659],[-175.291,67.606],[-175.127,67.5],[-175.227,67.533],[-175.172,67.435],[-175.367,67.358],[-175.16,67.337],[-174.969,67.425],[-175.08,67.481],[-174.756,67.303],[-174.86,67.275],[-174.908,67.037],[-174.7,66.917],[-174.763,66.899],[-174.688,66.732],[-174.971,66.665],[-174.436,66.532],[-174.395,66.475],[-174.466,66.401],[-174.389,66.338],[-174.463,66.28],[-174.166,66.399],[-174.206,66.473],[-174.016,66.472],[-173.929,66.341],[-174.019,66.305],[-173.999,66.219],[-173.691,66.439],[-174.264,66.566],[-173.931,66.668],[-174.026,66.961],[-174.612,67.061],[-173.646,67.116],[-173.464,67.029],[-173.071,67.044],[-173.272,67.052],[-173.143,67],[-173.295,66.981],[-173.303,66.822],[-173.087,66.847],[-173.226,66.911],[-173.074,66.993],[-172.782,66.894],[-172.362,66.933],[-173.035,67.023],[-172.986,67.039],[-171.719,66.951],[-171.64,66.93],[-171.694,66.88],[-171.63,66.83],[-171.353,66.772],[-171.363,66.675],[-170.385,66.317],[-170.626,66.235],[-170.274,66.29],[-170.106,66.193],[-170.338,66.186],[-169.952,66.184],[-169.641,66.068],[-170.606,65.861],[-170.516,65.83],[-170.571,65.761],[-170.489,65.671],[-170.588,65.605],[-170.875,65.623],[-171.463,65.833],[-171.264,65.656],[-170.982,65.592],[-171.039,65.467],[-171.251,65.522],[-172.034,65.474],[-171.744,65.5],[-172.26,65.545],[-172.206,65.581],[-172.322,65.622],[-172.29,65.666],[-172.86,65.7],[-172.39,65.582],[-172.32,65.465],[-172.428,65.47],[-172.389,65.432],[-172.093,65.484],[-172.189,65.242],[-172.702,65.248],[-172.202,65.217],[-172.227,65.1],[-172.08,65.076],[-172.323,64.948],[-173,64.855],[-173.164,64.765],[-172.806,64.803],[-172.755,64.733],[-173.043,64.66],[-172.845,64.649],[-172.967,64.561],[-172.816,64.612],[-172.465,64.558],[-172.22,64.407],[-172.59,64.37],[-172.883,64.495],[-173.013,64.462],[-172.788,64.438],[-172.822,64.32],[-172.951,64.339],[-172.924,64.264],[-173.106,64.241],[-173.368,64.285],[-173.264,64.446],[-173.415,64.617],[-173.385,64.395],[-173.635,64.332],[-173.989,64.412],[-174.042,64.528],[-174.306,64.666],[-174.652,64.725],[-174.592,64.817],[-174.653,64.898],[-174.723,64.807],[-174.952,64.861],[-174.988,64.766],[-175.411,64.771],[-175.457,64.797],[-175.368,64.847],[-175.865,64.999],[-175.735,65.147],[-175.882,65.258],[-175.909,65.403],[-176.044,65.452],[-176.977,65.608],[-177.416,65.441],[-178.461,65.473],[-178.532,65.523],[-178.424,65.713],[-178.628,65.73],[-178.978,66.049],[-178.684,66.013],[-178.682,66.102],[-178.496,66.14],[-178.54,66.268],[-178.477,66.383],[-178.604,66.361],[-178.785,66.167],[-178.982,66.159],[-179.118,66.243],[-179.082,66.306],[-179.164,66.414],[-179.171,66.289],[-179.424,66.344],[-179.252,66.145],[-179.575,66.111],[-179.693,66.184],[-179.829,65.947],[-179.767,65.82],[-179.277,65.63],[-179.321,65.575],[-179.261,65.532],[-179.499,65.396],[-179.524,65.235],[-179.663,65.141],[-180,65.066]]],[[[180,71.536],[180,70.992],[179.807,70.913],[178.793,70.805],[178.623,71.038],[178.905,71.237],[180,71.536]]],[[[-180,70.992],[-180,71.537],[-179.736,71.586],[-178.395,71.541],[-177.443,71.237],[-177.93,71.041],[-179.342,70.908],[-180,70.992]]],[[[131.92,43.02],[131.883,42.961],[131.757,42.99],[131.827,43.065],[131.92,43.02]]],[[[142.529,54.297],[142.543,54.237],[142.635,54.266],[142.723,54.426],[143.013,54.119],[142.852,53.872],[142.934,53.858],[143.002,53.701],[142.927,53.83],[142.907,53.767],[143.071,53.598],[142.988,53.563],[143.121,53.518],[143.094,53.382],[143.211,53.363],[143.361,52.871],[143.297,52.454],[143.194,52.337],[143.261,52.598],[143.119,52.338],[143.178,52.314],[143.125,51.967],[143.318,51.706],[143.224,51.522],[143.338,51.508],[143.365,51.645],[143.448,51.508],[143.475,51.343],[143.379,51.35],[143.483,51.214],[143.522,51.285],[143.79,50.309],[144.003,50.013],[144.385,49.073],[144.685,48.873],[144.757,48.643],[144.677,48.656],[144.504,48.949],[144.058,49.253],[143.259,49.393],[143.331,49.314],[143.667,49.315],[143.174,49.246],[143.009,49.123],[142.988,48.917],[142.537,48.01],[142.545,47.767],[142.714,47.437],[143.016,47.254],[143.098,46.876],[143.174,46.863],[143.084,46.813],[143.173,46.708],[143.39,46.708],[143.194,46.78],[143.197,46.841],[143.478,46.828],[143.558,46.396],[143.626,46.375],[143.431,46.025],[143.369,46.555],[142.797,46.594],[142.725,46.741],[142.618,46.719],[142.407,46.554],[142.085,45.901],[141.933,46.036],[141.814,46.538],[142.057,47.054],[141.966,47.612],[142.191,47.967],[142.133,48.334],[141.857,48.774],[141.967,48.862],[142.125,49.462],[142.174,50.086],[142.041,50.551],[142.097,50.822],[142.269,51.112],[142.079,51.471],[141.687,51.747],[141.823,51.744],[141.639,51.885],[141.7,52.166],[141.642,52.318],[141.844,52.591],[141.928,53.021],[141.769,53.372],[142.241,53.529],[142.264,53.38],[142.455,53.38],[142.687,53.529],[142.514,53.546],[142.498,53.658],[142.719,53.64],[142.804,53.707],[142.739,53.846],[142.604,53.698],[142.708,53.948],[142.283,54.304],[142.529,54.297]]],[[[-172.243,64.816],[-172.043,64.751],[-172.633,64.684],[-172.461,64.828],[-172.243,64.816]]],[[[70.131,66.556],[69.871,66.478],[69.545,66.591],[69.575,66.638],[69.425,66.768],[69.131,66.797],[69.473,66.798],[69.636,66.694],[69.54,66.764],[70.05,66.709],[70.027,66.625],[70.131,66.556]]],[[[51.3,68.495],[51.498,68.489],[50.792,68.379],[51.3,68.495]]],[[[55.369,68.948],[55.507,68.914],[55.225,68.914],[55.369,68.948]]],[[[54.643,69.009],[54.698,68.982],[54.571,68.964],[54.643,69.009]]],[[[161.487,69.027],[161.515,68.935],[161.409,68.893],[161.456,69.001],[161.135,69.092],[161.169,69.325],[161.092,69.465],[161.375,69.546],[161.389,69.462],[161.292,69.414],[161.374,69.296],[161.319,69.243],[161.487,69.027]]],[[[161.631,69.561],[161.616,69.45],[161.361,69.414],[161.426,69.465],[161.395,69.592],[161.475,69.638],[161.631,69.561]]],[[[71.353,73.385],[71.137,73.293],[71.25,73.418],[71.353,73.385]]],[[[51.41,71.806],[51.44,71.942],[51.61,72.092],[51.866,72.159],[52.067,72.074],[52.188,72.129],[52.368,72.075],[52.368,72.162],[52.49,72.164],[52.417,72.289],[52.684,72.323],[52.581,72.374],[52.868,72.347],[52.69,72.367],[52.684,72.447],[52.82,72.45],[52.68,72.479],[53.102,72.601],[52.724,72.559],[52.812,72.614],[52.755,72.638],[53.218,72.648],[52.375,72.73],[52.617,72.863],[53.382,72.889],[53.142,72.962],[53.382,73.012],[53.122,73.101],[53.323,73.221],[53.753,73.299],[54.191,73.272],[54.935,73.425],[56.435,73.23],[56.582,73.13],[55.808,73.066],[56.466,73.052],[56.377,73.007],[55.616,72.964],[56.252,72.972],[56.22,72.827],[55.481,72.806],[55.432,72.786],[55.811,72.758],[55.946,72.669],[55.616,72.697],[55.723,72.638],[55.623,72.621],[55.685,72.573],[55.618,72.542],[55.267,72.587],[55.543,72.527],[55.536,72.472],[55.116,72.45],[55.466,72.436],[55.377,72.303],[55.575,72.2],[55.343,72.066],[55.453,72.059],[55.35,71.976],[55.39,71.943],[55.225,71.929],[55.506,71.898],[55.672,71.611],[56.106,71.259],[57.039,70.87],[57.639,70.73],[57.433,70.744],[57.539,70.705],[57.398,70.626],[57.452,70.606],[56.74,70.703],[57.296,70.565],[56.585,70.642],[56.494,70.695],[56.552,70.754],[56.199,70.709],[56.655,70.59],[56.514,70.545],[56.401,70.564],[56.563,70.579],[55.808,70.695],[56.048,70.585],[55.719,70.611],[55.603,70.648],[55.792,70.634],[55.738,70.708],[55.599,70.721],[55.747,70.648],[55.405,70.75],[55.35,70.703],[55.473,70.654],[55.25,70.679],[55.296,70.606],[55.163,70.553],[54.513,70.825],[54.568,70.777],[54.479,70.736],[54.767,70.648],[54.287,70.777],[53.54,70.805],[53.3,70.866],[53.705,70.846],[53.725,70.969],[53.502,71.094],[53.904,71.055],[53.807,71.134],[54.244,71.123],[53.992,71.161],[54.164,71.21],[54.064,71.237],[53.801,71.21],[53.796,71.155],[53.451,71.264],[53.951,71.462],[53.413,71.312],[53.252,71.456],[53.444,71.545],[53.348,71.568],[53.113,71.422],[53.03,71.5],[53.039,71.443],[52.882,71.394],[52.821,71.47],[52.61,71.469],[52.644,71.546],[52.547,71.635],[52.368,71.535],[52.416,71.477],[52.28,71.514],[52.269,71.588],[52.142,71.545],[52.279,71.477],[51.84,71.456],[51.532,71.566],[51.41,71.806]]],[[[86.892,73.697],[86.784,73.608],[86.399,73.594],[86.892,73.697]]],[[[97.158,76.088],[97.335,76.109],[97.047,76.006],[96.699,75.996],[97.158,76.088]]],[[[95.177,76.171],[95.006,76.178],[95.102,76.225],[95.177,76.171]]],[[[94.999,76.273],[94.849,76.186],[94.41,76.212],[94.999,76.273]]],[[[96.575,76.341],[96.767,76.335],[96.383,76.335],[96.575,76.341]]],[[[96.897,76.256],[97.041,76.239],[96.716,76.209],[96.854,76.356],[97.075,76.308],[96.787,76.212],[96.897,76.256]]],[[[94.163,76.596],[94.362,76.575],[93.868,76.589],[94.163,76.596]]],[[[95.266,76.671],[95.327,76.664],[94.818,76.654],[95.122,76.719],[95.266,76.671]]],[[[56.987,74.69],[56.603,74.697],[56.417,74.753],[56.466,74.799],[55.833,74.8],[56.678,74.949],[56.295,74.965],[56.466,75.013],[56.421,75.037],[55.903,74.991],[55.946,75.074],[55.726,75.081],[56.071,75.219],[56.234,75.198],[56.174,75.15],[56.371,75.188],[56.446,75.067],[56.53,75.078],[56.907,75.24],[56.758,75.318],[57.046,75.398],[57.741,75.328],[57.501,75.499],[58.165,75.578],[57.926,75.629],[58.605,75.733],[58.536,75.76],[58.931,75.868],[60.348,76.006],[60.043,76.054],[60.268,76.11],[60.838,76.123],[60.468,76.013],[60.735,76.005],[61.146,76.116],[60.9,76.157],[61.077,76.28],[62.382,76.271],[62.389,76.197],[62.504,76.178],[62.779,76.271],[62.957,76.207],[63.719,76.35],[64.091,76.313],[65.485,76.575],[65.999,76.533],[65.753,76.683],[66.654,76.901],[67.588,77.013],[68.463,76.967],[68.809,76.869],[68.759,76.827],[69.034,76.712],[68.788,76.589],[68.938,76.568],[68.178,76.315],[68.288,76.281],[63.762,75.642],[63.552,75.711],[63.62,75.691],[63.304,75.589],[61.694,75.376],[61.654,75.28],[61.482,75.223],[61.38,75.26],[61.38,75.334],[61.277,75.328],[61.107,75.198],[60.813,75.146],[60.725,75.028],[60.591,75.034],[60.571,75.118],[60.416,75.011],[59.927,75.006],[60.688,74.924],[60.194,74.855],[60.372,74.794],[60.276,74.75],[59.509,74.8],[59.873,74.677],[59.755,74.587],[59.091,74.738],[59.29,74.643],[59.084,74.649],[59.221,74.615],[59.091,74.495],[59.146,74.444],[58.187,74.581],[58.639,74.424],[58.57,74.389],[58.728,74.239],[58.536,74.239],[58.659,74.217],[58.508,74.217],[58.591,74.184],[58.529,74.172],[58.292,74.222],[58.301,74.161],[58.522,74.149],[58.308,74.088],[58.162,74.15],[58.097,74.06],[58.213,74.008],[58.123,73.987],[57.739,74.051],[57.532,74.192],[57.412,74.184],[57.536,74.094],[57.261,74.08],[57.548,74.061],[57.912,73.916],[57.809,73.895],[57.946,73.807],[57.749,73.726],[57.395,73.846],[56.556,73.889],[57.35,73.828],[57.618,73.669],[57.35,73.553],[56.735,73.68],[56.85,73.615],[56.747,73.607],[57.254,73.457],[56.908,73.315],[56.749,73.362],[56.795,73.321],[56.73,73.245],[56.121,73.29],[55.917,73.448],[55.987,73.385],[55.924,73.312],[54.9,73.448],[54.25,73.328],[54.033,73.375],[54.294,73.418],[54.417,73.478],[54.185,73.491],[54.542,73.611],[55.35,73.717],[54.53,73.704],[54.281,73.601],[53.631,73.76],[54.802,73.97],[54.589,74.019],[55.019,74.173],[55.864,74.106],[55.076,74.266],[55.747,74.296],[55.233,74.376],[55.388,74.445],[56.287,74.492],[55.657,74.52],[55.706,74.55],[55.5,74.567],[55.53,74.655],[56.987,74.69]]],[[[93.868,78.147],[93.593,78.172],[93.921,78.157],[93.868,78.147]]],[[[92.457,79.11],[92.724,79.077],[92.176,79.131],[92.457,79.11]]],[[[92.305,79.453],[92.471,79.433],[91.785,79.42],[92.305,79.453]]],[[[91.372,79.486],[91.531,79.449],[90.794,79.564],[91.372,79.486]]],[[[100.2,79.679],[100.31,79.666],[99.906,79.604],[99.983,79.698],[100.2,79.679]]],[[[146.175,43.538],[146.23,43.531],[146.152,43.463],[146.079,43.518],[146.175,43.538]]],[[[146.882,43.859],[146.915,43.803],[146.602,43.736],[146.605,43.809],[146.882,43.859]]],[[[146.469,44.429],[146.572,44.45],[146.514,44.364],[146.117,44.254],[145.589,43.848],[145.556,43.653],[145.552,43.716],[145.443,43.725],[145.411,43.836],[145.729,44.044],[146.119,44.506],[146.469,44.429]]],[[[148.799,45.416],[148.817,45.333],[148.278,45.223],[147.913,44.963],[147.654,44.995],[147.645,44.908],[147.226,44.581],[147.055,44.537],[146.958,44.421],[146.862,44.445],[146.937,44.625],[147.001,44.566],[146.999,44.663],[147.197,44.714],[147.109,44.827],[147.217,44.799],[147.467,44.967],[147.511,45.087],[147.62,45.065],[147.895,45.224],[147.861,45.354],[147.94,45.426],[148.07,45.251],[148.312,45.275],[148.727,45.525],[148.851,45.482],[148.799,45.416]]],[[[150.334,46.211],[150.569,46.232],[150.023,45.824],[149.638,45.611],[149.437,45.587],[149.667,45.853],[150.334,46.211]]],[[[152.206,47.129],[152.295,47.142],[151.851,46.79],[151.712,46.807],[152.225,47.177],[152.206,47.129]]],[[[152.503,47.383],[152.524,47.299],[152.413,47.341],[152.503,47.383]]],[[[153.021,47.8],[153.069,47.743],[152.978,47.684],[153.021,47.8]]],[[[153.288,48.077],[153.233,48.04],[153.165,48.121],[153.288,48.077]]],[[[154.213,48.918],[154.056,48.738],[153.973,48.739],[154.213,48.918]]],[[[154.563,49.157],[154.601,49.111],[154.512,49.08],[154.439,49.157],[154.563,49.157]]],[[[154.448,49.817],[154.491,49.783],[154.412,49.733],[154.374,49.778],[154.448,49.817]]],[[[156.125,50.638],[156.153,50.519],[155.885,50.254],[155.501,50.137],[155.396,49.996],[155.217,50.067],[155.202,50.294],[155.69,50.404],[155.889,50.691],[156.041,50.773],[156.117,50.749],[156.125,50.638]]],[[[156.46,50.874],[156.511,50.766],[156.406,50.63],[156.18,50.688],[156.199,50.781],[156.46,50.874]]],[[[155.563,50.808],[155.474,50.922],[155.673,50.87],[155.563,50.808]]],[[[137.822,54.458],[137.918,54.509],[137.715,54.367],[137.822,54.458]]],[[[137.623,54.571],[137.641,54.4],[137.568,54.397],[137.547,54.516],[137.623,54.571]]],[[[168.059,54.547],[168.11,54.503],[167.439,54.866],[168.059,54.547]]],[[[137.171,55.12],[137.075,54.933],[136.67,54.907],[137.171,55.12]]],[[[138.047,55.058],[138.212,55.036],[137.719,54.624],[137.485,54.879],[137.226,54.778],[137.568,55.195],[137.952,55.147],[137.986,55.099],[137.883,55.003],[138.047,55.058]]],[[[166.664,54.756],[166.664,54.68],[166.5,54.825],[166.356,54.84],[165.993,55.222],[165.746,55.297],[165.94,55.365],[166.254,55.332],[166.25,55.152],[166.65,54.845],[166.664,54.756]]],[[[150.725,59.128],[150.783,59.091],[150.472,59.004],[150.725,59.128]]],[[[164.707,58.977],[164.632,58.865],[164.17,58.824],[163.846,58.691],[163.49,58.445],[163.413,58.535],[163.611,58.607],[163.913,58.994],[163.696,58.992],[163.749,59.019],[164.558,59.24],[164.707,58.977]]],[[[35.943,64.405],[36.045,64.36],[35.857,64.387],[35.943,64.405]]],[[[35.867,65.031],[35.745,64.962],[35.506,65.121],[35.786,65.165],[35.867,65.076],[35.781,65.073],[35.867,65.031]]],[[[-169.083,65.816],[-168.995,65.816],[-169.077,65.755],[-169.083,65.816]]],[[[42.646,66.742],[42.668,66.667],[42.427,66.752],[42.646,66.742]]],[[[34.03,69.394],[34.407,69.353],[33.976,69.37],[34.03,69.394]]],[[[50.323,69.151],[50.169,69.012],[50.113,68.996],[50.223,69.154],[49.955,69.075],[49.72,68.89],[49.249,68.78],[48.592,68.731],[48.219,68.896],[48.304,69.277],[48.906,69.508],[49.272,69.508],[50.164,69.261],[50.323,69.151]]],[[[169.446,69.849],[169.412,69.763],[169.278,69.76],[169.31,69.664],[169.235,69.592],[168.875,69.568],[167.754,69.832],[168.265,70.024],[169.446,69.849]]],[[[60.54,69.819],[60.476,69.722],[60.254,69.689],[59.563,69.715],[59.624,69.804],[59.431,69.889],[58.94,69.942],[59.132,69.873],[59.016,69.86],[58.696,70.003],[58.57,70.079],[58.591,70.181],[58.412,70.26],[58.824,70.216],[58.495,70.332],[59.024,70.48],[59.554,70.2],[60.414,69.963],[60.54,69.819]]],[[[57.117,70.559],[57.222,70.526],[57.035,70.545],[57.138,70.497],[57.064,70.502],[56.843,70.606],[57.117,70.559]]],[[[162.382,70.681],[162.484,70.654],[162.238,70.654],[162.382,70.681]]],[[[161.662,70.791],[161.695,70.75],[161.463,70.805],[161.662,70.791]]],[[[160.723,70.838],[160.764,70.804],[160.504,70.805],[160.553,70.885],[160.408,70.914],[160.674,70.914],[160.723,70.838]]],[[[53.232,71.216],[53.047,71.072],[53.139,70.994],[53.01,70.968],[52.756,71.177],[52.212,71.308],[52.53,71.388],[52.721,71.349],[52.741,71.406],[53.02,71.281],[52.745,71.374],[52.875,71.333],[52.779,71.319],[53.232,71.216]]],[[[137.914,71.558],[137.966,71.511],[137.693,71.419],[136.992,71.518],[137.914,71.558]]],[[[78.279,72.552],[78.395,72.491],[77.771,72.305],[76.853,72.333],[77.61,72.635],[78.279,72.552]]],[[[128.831,72.655],[128.974,72.594],[128.653,72.527],[128.104,72.635],[128.831,72.655]]],[[[128.317,72.812],[128.994,72.932],[129.22,72.926],[129.417,72.813],[129.207,72.762],[128.317,72.812]]],[[[79.563,72.768],[79.395,72.704],[78.585,72.842],[79.173,73.101],[79.541,72.926],[79.491,72.908],[79.563,72.768]]],[[[74.725,73.107],[74.962,73.06],[74.703,73.079],[74.656,72.859],[74.093,73.028],[74.212,73.115],[74.725,73.107]]],[[[120.279,73.101],[120.23,73.039],[119.721,73.034],[119.765,73.073],[119.634,73.128],[120.022,73.168],[120.279,73.101]]],[[[76.695,73.186],[76.729,73.144],[76.633,73.131],[76.133,73.208],[76.695,73.186]]],[[[71.669,73.227],[71.73,73.034],[71.375,73.179],[69.875,73.038],[70.065,73.237],[69.959,73.399],[70.47,73.499],[71.229,73.465],[71.112,73.447],[71.096,73.313],[70.98,73.265],[71.289,73.252],[71.436,73.353],[71.669,73.227]]],[[[75.923,73.524],[75.304,73.409],[75.619,73.553],[76.079,73.56],[75.923,73.524]]],[[[143.475,73.321],[143.565,73.231],[143.175,73.177],[140.789,73.41],[139.965,73.327],[139.817,73.339],[139.767,73.418],[140.493,73.485],[140.899,73.801],[141.127,73.882],[142.045,73.917],[142.583,73.825],[143.407,73.543],[143.537,73.444],[143.441,73.409],[143.475,73.321]]],[[[124.586,73.916],[124.661,73.892],[124.288,73.881],[124.586,73.916]]],[[[84.355,74.019],[84.418,73.97],[83.885,74.019],[84.418,74.04],[84.355,74.019]]],[[[83.513,74.121],[83.62,74.091],[83.392,74.036],[82.814,74.094],[83.513,74.121]]],[[[82.568,74.163],[82.74,74.101],[82.62,74.055],[82.318,74.117],[82.568,74.163]]],[[[136.259,73.957],[136.135,73.879],[135.439,74.161],[135.354,74.259],[136.011,74.103],[136.259,73.957]]],[[[141.098,74.149],[141.038,74.004],[140.545,73.916],[140.327,73.939],[140.165,74.071],[140.222,74.22],[140.35,74.254],[140.891,74.277],[141.058,74.234],[141.098,74.149]]],[[[116.098,74.355],[116.053,74.285],[115.886,74.324],[116.098,74.355]]],[[[84.871,74.506],[84.935,74.482],[84.542,74.457],[84.733,74.396],[84.387,74.458],[84.871,74.506]]],[[[113.406,74.444],[113.429,74.394],[113.22,74.245],[112.775,74.088],[112.163,74.139],[111.459,74.314],[111.951,74.371],[112.007,74.538],[112.11,74.551],[113.406,74.444]]],[[[85.539,74.574],[85.631,74.511],[85.312,74.466],[85.148,74.537],[85.539,74.574]]],[[[86.078,74.555],[86.207,74.512],[85.658,74.471],[85.803,74.574],[86.078,74.555]]],[[[79.614,74.602],[79.49,74.517],[79.149,74.608],[79.317,74.591],[79.183,74.629],[79.244,74.659],[79.614,74.602]]],[[[85.227,74.745],[85.097,74.756],[85.496,74.814],[85.706,74.731],[85.227,74.745]]],[[[87.029,74.992],[87.139,74.937],[86.687,74.896],[86.92,74.82],[86.213,74.903],[87.029,74.992]]],[[[82.24,75.376],[82.294,75.334],[82.041,75.338],[82.013,75.177],[81.907,75.208],[81.871,75.316],[81.688,75.277],[81.492,75.362],[81.752,75.463],[81.739,75.383],[81.94,75.394],[81.897,75.492],[82.171,75.52],[82.165,75.438],[82.013,75.444],[82.24,75.376]]],[[[150.828,75.163],[150.958,75.142],[150.654,75.008],[150.681,74.934],[150.609,74.894],[149.209,74.758],[148.172,74.804],[146.072,75.24],[146.173,75.291],[146.169,75.396],[146.407,75.471],[146.341,75.523],[146.436,75.597],[146.771,75.507],[146.634,75.438],[146.797,75.366],[147.325,75.35],[147.168,75.362],[147.436,75.389],[147.374,75.44],[148.408,75.421],[148.58,75.383],[148.445,75.287],[148.61,75.216],[150.129,75.226],[150.215,75.187],[150.163,75.157],[150.561,75.129],[150.5,75.094],[150.828,75.163]]],[[[137.06,75.641],[137.14,75.653],[136.97,75.61],[137.06,75.641]]],[[[135.991,75.527],[135.983,75.417],[135.45,75.376],[135.594,75.568],[135.539,75.678],[135.693,75.869],[135.865,75.705],[136.184,75.616],[135.991,75.527]]],[[[82.11,75.889],[82.259,75.876],[81.554,75.931],[82.11,75.889]]],[[[145.366,75.54],[144.729,75.432],[144.678,75.328],[144.941,75.273],[144.721,75.246],[144.688,75.16],[144.376,75.053],[143.999,75.025],[142.884,75.147],[142.494,75.376],[142.535,75.477],[143.014,75.602],[143.001,75.708],[142.338,75.726],[142.434,75.678],[142.008,75.623],[142.14,75.595],[142.081,75.535],[142.187,75.471],[142.163,75.379],[142.439,75.203],[142.669,75.088],[143.615,75.011],[143.708,74.947],[142.715,74.895],[142.514,74.817],[141.974,74.934],[142.365,74.931],[142.199,75.004],[141.844,74.999],[140.069,74.828],[139.85,74.965],[139.652,74.981],[139.459,74.931],[139.517,74.856],[139.645,74.889],[139.496,74.768],[139.127,74.652],[137.895,74.846],[137.794,74.975],[137.134,75.142],[136.862,75.362],[137.422,75.37],[137.143,75.41],[137.301,75.471],[137.181,75.551],[137.294,75.602],[137.068,75.726],[137.198,75.79],[137.743,75.749],[137.432,75.887],[137.433,75.953],[138.377,76.157],[138.328,76.136],[138.432,76.063],[138.533,76.186],[139.049,76.239],[138.897,76.219],[139.11,76.097],[139.825,75.97],[139.912,75.937],[139.799,75.886],[139.956,75.836],[140.51,75.79],[140.476,75.64],[141.062,75.65],[140.864,75.739],[140.909,75.984],[141.001,76.047],[141.625,76.013],[141.31,76.184],[142.547,75.863],[143.947,75.835],[145.366,75.54]]],[[[96.644,76.267],[96.596,76.157],[96.447,76.272],[96.246,76.205],[96.396,76.178],[96.345,76.105],[95.266,76.219],[95.35,76.289],[96.644,76.267]]],[[[113.292,76.363],[113.118,76.377],[113.264,76.444],[113.447,76.369],[113.292,76.363]]],[[[111.959,76.602],[112.367,76.658],[112.528,76.623],[112.57,76.555],[112.508,76.541],[112.714,76.52],[112.568,76.444],[111.959,76.602]]],[[[96.472,76.692],[95.89,76.616],[96.232,76.712],[96.472,76.692]]],[[[95.65,76.678],[95.835,76.692],[95.529,76.649],[95.417,76.705],[95.65,76.678]]],[[[97.476,76.65],[97.596,76.602],[97.343,76.599],[97.387,76.654],[97.288,76.692],[97.446,76.715],[97.476,76.65]]],[[[149.375,76.738],[149.2,76.627],[148.432,76.629],[149.453,76.769],[149.375,76.738]]],[[[96.527,77.206],[96.589,77.144],[96.235,76.99],[95.232,77.006],[96.527,77.206]]],[[[89.689,77.281],[89.817,77.211],[89.493,77.141],[89.135,77.218],[89.304,77.308],[89.689,77.281]]],[[[107.745,77.329],[107.722,77.27],[107.205,77.234],[107.457,77.281],[107.28,77.302],[107.395,77.36],[107.745,77.329]]],[[[106.861,77.446],[106.525,77.39],[106.943,77.459],[106.861,77.446]]],[[[107.704,78.137],[107.451,78.053],[106.395,78.131],[107.338,78.191],[107.704,78.137]]],[[[106.532,78.254],[105.991,78.219],[106.47,78.343],[106.766,78.308],[106.45,78.261],[106.532,78.254]]],[[[105.416,78.583],[105.357,78.506],[104.787,78.336],[103.016,78.256],[102.66,78.164],[102.607,78.226],[101.21,78.194],[99.871,77.952],[99.371,77.96],[99.426,77.987],[99.268,78.042],[100.05,78.343],[100.001,78.418],[100.276,78.58],[100.255,78.665],[100.385,78.752],[101.166,78.761],[100.824,78.809],[100.785,78.895],[100.907,78.985],[101.626,78.987],[100.988,79.063],[101.194,79.203],[101.818,79.371],[101.961,79.261],[102.246,79.242],[102.14,79.357],[102.303,79.433],[103.153,79.31],[102.825,79.227],[102.691,79.032],[102.379,78.822],[102.666,78.892],[102.921,79.058],[103.624,79.171],[104.001,79.128],[103.976,79.063],[104.073,79.005],[104.455,78.967],[104.525,78.885],[104.367,78.857],[104.655,78.83],[104.579,78.775],[104.759,78.853],[105.175,78.809],[105.416,78.583]]],[[[77.614,79.522],[76.696,79.478],[76.051,79.649],[77.614,79.522]]],[[[93.628,79.933],[93.814,79.899],[93.052,79.715],[91.922,79.679],[92.353,79.734],[92.099,79.81],[91.073,79.851],[91.299,79.919],[91.018,79.967],[91.182,79.995],[91.114,80.049],[90.867,80.063],[93.628,79.933]]],[[[51.347,79.953],[51.505,79.933],[50.045,79.974],[50.553,79.988],[51.001,80.103],[51.265,80.056],[51.201,80.011],[51.347,79.953]]],[[[99.886,79.041],[99.926,78.946],[99.406,78.822],[97.442,78.817],[97.603,78.843],[97.264,78.853],[96.799,78.989],[95.673,79.001],[95.67,79.069],[95.524,79.109],[94.827,79.067],[94.632,79.127],[94.617,79.201],[94.334,79.249],[94.312,79.479],[93.697,79.46],[93.991,79.494],[93.69,79.542],[93.882,79.604],[93.236,79.439],[93.114,79.467],[93.32,79.501],[92.854,79.556],[93.28,79.552],[94.169,79.775],[94.69,79.816],[94.225,79.899],[94.952,80.104],[95.242,80.022],[95.502,80.111],[97.592,80.175],[98.09,80.056],[97.521,79.809],[97.609,79.777],[97.192,79.707],[97.706,79.763],[97.926,79.902],[98.377,79.878],[98.582,79.976],[98.439,80.015],[98.557,80.059],[99.199,80.05],[99.248,80.036],[99.158,80.015],[100.022,79.824],[100.077,79.783],[99.817,79.742],[99.886,79.693],[99.707,79.569],[99.789,79.522],[99.686,79.474],[99.748,79.364],[99.667,79.312],[99.46,79.248],[99.035,79.296],[99.886,79.041]]],[[[50.081,80.068],[49.531,80.159],[49.899,80.234],[50.336,80.182],[50.081,80.068]]],[[[55.795,80.642],[55.432,80.714],[56.53,80.787],[56.946,80.694],[55.795,80.642]]],[[[46.687,80.529],[46.084,80.44],[46.044,80.574],[45.515,80.52],[44.857,80.617],[46.921,80.749],[47.201,80.81],[47.138,80.842],[47.536,80.857],[48.496,80.798],[48.655,80.755],[48.456,80.727],[48.764,80.66],[48.064,80.662],[47.749,80.77],[47.304,80.653],[47.431,80.594],[46.633,80.556],[46.687,80.529]]],[[[62.222,80.813],[62.259,80.741],[62.037,80.666],[62.116,80.622],[61.706,80.597],[61.045,80.405],[60.307,80.496],[59.636,80.431],[59.242,80.529],[59.372,80.57],[59.221,80.653],[59.694,80.837],[60.171,80.854],[60.256,80.831],[59.968,80.81],[60.362,80.79],[61.603,80.896],[62.222,80.813]]],[[[58.13,80.781],[57.816,80.81],[58.746,80.903],[59.029,80.824],[58.13,80.781]]],[[[55.766,80.784],[54.877,80.721],[53.98,80.816],[55.097,80.903],[55.987,80.804],[55.766,80.784]]],[[[51.689,80.727],[51.744,80.714],[50.95,80.537],[49.675,80.482],[49.816,80.401],[48.84,80.388],[48.627,80.295],[49.107,80.19],[48.528,80.209],[48.511,80.124],[48.372,80.092],[48.116,80.137],[47.628,80.072],[47.737,80.162],[48.085,80.207],[47.451,80.24],[47.102,80.17],[46.618,80.295],[47.089,80.372],[47.224,80.309],[48.133,80.326],[48.189,80.338],[47.619,80.405],[48.236,80.427],[47.379,80.454],[48.375,80.571],[48.569,80.506],[49.188,80.521],[49.407,80.617],[49.285,80.645],[49.631,80.64],[49.682,80.721],[48.955,80.735],[50.237,80.933],[50.443,80.906],[49.997,80.865],[50.856,80.919],[51.045,80.851],[50.251,80.742],[51.313,80.79],[51.689,80.727]]],[[[79.807,80.974],[80.437,80.94],[80.326,80.861],[78.975,80.843],[79.211,80.961],[79.807,80.974]]],[[[58.654,81.044],[58.561,80.957],[58.367,80.946],[57.841,81.048],[58.07,81.112],[58.654,81.044]]],[[[57.336,80.892],[56.897,81.016],[56.096,81.091],[56.703,81.113],[58.282,80.927],[57.838,80.853],[57.336,80.892]]],[[[54.564,80.995],[54.417,81.008],[54.671,81.125],[55.52,81.008],[56.019,81.044],[57.716,80.793],[57.059,80.692],[56.668,80.809],[55.799,80.854],[55.381,80.969],[54.564,80.995]]],[[[50.477,81.07],[50.347,81.091],[50.53,81.168],[50.977,81.106],[50.374,81.023],[50.477,81.07]]],[[[91.547,81.154],[91.186,81.057],[89.996,81.105],[89.894,81.174],[91.547,81.154]]],[[[97.747,80.742],[97.973,80.721],[97.131,80.666],[97.192,80.645],[97.021,80.526],[97.149,80.487],[97.206,80.356],[97.423,80.327],[97.188,80.234],[94.53,80.131],[93.75,79.997],[92.066,80.172],[92.888,80.172],[92.107,80.29],[93.32,80.276],[93.244,80.31],[91.422,80.31],[91.662,80.385],[92.628,80.392],[91.888,80.46],[92.769,80.517],[92.825,80.651],[93.27,80.797],[92.497,80.776],[92.731,80.851],[92.677,80.879],[93.163,80.947],[93.053,80.995],[95.547,81.221],[95.034,81.249],[95.104,81.271],[95.777,81.289],[96.555,81.077],[96.766,80.95],[97.884,80.769],[97.747,80.742]]],[[[57.266,81.427],[56.74,81.454],[57.013,81.537],[57.784,81.565],[57.889,81.486],[58.57,81.413],[57.266,81.427]]],[[[62.504,81.653],[62.106,81.68],[63.806,81.66],[63.467,81.589],[62.504,81.653]]],[[[58.295,81.714],[57.891,81.708],[58.145,81.777],[57.94,81.804],[58.156,81.83],[59.44,81.818],[59.356,81.753],[58.295,81.714]]],[[[154.837,49.65],[154.905,49.631],[154.803,49.479],[154.815,49.31],[154.606,49.293],[154.837,49.65]]],[[[59.034,75.96],[59.262,75.965],[58.693,75.903],[59.034,75.96]]],[[[59.002,79.981],[58.769,80.021],[59.529,80.121],[59.81,80.089],[59.927,79.995],[59.372,79.92],[59.002,79.981]]],[[[55.712,80.103],[56.019,80.182],[55.973,80.323],[56.13,80.351],[57.022,80.364],[57.154,80.199],[57.047,80.154],[57.118,80.096],[56.957,80.066],[55.712,80.103]]],[[[52.623,80.183],[52.183,80.276],[53.15,80.413],[53.869,80.271],[53.49,80.172],[52.623,80.183]]],[[[57.529,80.131],[57.278,80.178],[57.192,80.364],[57.243,80.412],[56.946,80.482],[58.452,80.468],[59.276,80.33],[58.391,80.32],[58.077,80.262],[58.475,80.222],[58.407,80.166],[58.041,80.206],[57.905,80.172],[57.97,80.099],[57.529,80.131]]],[[[53.798,80.473],[53.973,80.529],[53.859,80.554],[53.883,80.611],[54.269,80.589],[54.136,80.556],[54.465,80.482],[54.288,80.42],[53.798,80.473]]],[[[60.256,81.036],[61.702,81.105],[60.988,80.922],[60.023,80.995],[60.256,81.036]]],[[[62.771,80.886],[63.142,80.971],[64.036,80.987],[64.186,81.019],[64.12,81.094],[64.275,81.169],[64.705,81.205],[65.23,81.137],[65.436,81.037],[65.306,80.995],[65.466,80.935],[64.587,80.755],[63.131,80.683],[62.504,80.824],[62.771,80.886]]],[[[57.336,81.205],[58.084,81.215],[57.7,81.137],[56.994,81.166],[57.336,81.205]]],[[[55.647,81.2],[55.561,81.223],[55.609,81.276],[55.432,81.283],[55.712,81.331],[56.545,81.255],[56.603,81.269],[56.336,81.385],[56.726,81.397],[57.905,81.297],[56.615,81.179],[55.647,81.2]]],[[[58.563,81.324],[58.464,81.335],[59.018,81.403],[59.385,81.331],[58.563,81.324]]],[[[61.904,81.605],[62.196,81.565],[61.654,81.605],[61.904,81.605]]],[[[40.455,64.582],[39.824,64.68],[40.188,64.708],[40.455,64.582]]],[[[40.145,64.734],[40.035,64.761],[40.334,64.772],[40.407,64.642],[40.145,64.734]]],[[[53.912,68.362],[53.991,68.346],[53.958,68.293],[53.866,68.307],[53.912,68.362]]],[[[49.049,68.678],[49.124,68.668],[48.766,68.697],[49.049,68.678]]],[[[54.267,68.817],[54.395,68.783],[54.193,68.814],[54.267,68.817]]],[[[54.974,68.94],[55.02,68.915],[54.912,68.931],[54.974,68.94]]],[[[67.217,69.421],[67.308,69.438],[67.132,69.364],[66.939,69.439],[67.217,69.421]]],[[[67.328,69.573],[67.259,69.439],[67.022,69.477],[67.328,69.573]]],[[[66.837,70.392],[66.59,70.473],[66.668,70.538],[66.837,70.392]]],[[[66.559,70.544],[66.397,70.63],[66.428,70.8],[66.559,70.544]]],[[[66.6,70.914],[66.434,70.827],[66.6,71.004],[66.6,70.914]]],[[[152.875,76.151],[152.773,76.083],[152.555,76.139],[152.875,76.151]]],[[[92.062,77.63],[92.11,77.611],[91.866,77.629],[92.062,77.63]]],[[[58.815,79.917],[58.87,79.901],[58.248,79.933],[58.614,79.979],[58.815,79.917]]],[[[54.408,80.285],[54.382,80.21],[54.178,80.189],[54.101,80.273],[54.408,80.285]]],[[[55.499,80.317],[55.235,80.228],[54.93,80.26],[55.499,80.317]]],[[[54.842,80.431],[54.39,80.387],[54.627,80.477],[54.842,80.431]]],[[[54.821,80.465],[54.622,80.511],[55.073,80.484],[54.821,80.465]]],[[[58.369,81.58],[58.276,81.593],[58.702,81.613],[58.369,81.58]]],[[[47.851,43.999],[47.763,43.928],[47.628,43.963],[47.851,43.999]]],[[[47.997,45.468],[47.918,45.57],[47.957,45.65],[47.997,45.468]]],[[[161.894,69.654],[161.867,69.555],[161.666,69.621],[161.894,69.654]]],[[[170.125,69.773],[170.275,69.773],[170.101,69.687],[169.955,69.727],[170.125,69.773]]],[[[83.305,70.806],[83.469,70.738],[83.305,70.645],[83.31,70.443],[83.065,70.365],[83.147,70.65],[83.305,70.806]]],[[[89.047,77.141],[89.136,77.127],[88.92,76.977],[88.664,77.08],[89.047,77.141]]]]}}
